time;R_free_bottom;bottom_Hextz;bottom_Hexty;bottom_Hextx;free_Hextz;free_mz;bottom_my;free_mx;bottom_mx;bottom_K;free_my;free_Hexty;free_Hextx;bottom_mz;free_K;
0;182.067;0;0;0;0;-1;0.761849;0;0.0908675;1.5e+06;0;0;0;0.641349;800000;
1e-12;179.091;0;0;0;0;-1;0.811683;0;0.0516341;1.5e+06;0;0;0;0.581812;800000;
2e-12;178.868;0;0;0;0;-1;0.815638;0;-0.0372638;1.5e+06;0;0;0;0.577361;800000;
3e-12;181.515;0;0;0;0;-1;0.771593;0;-0.0857556;1.5e+06;0;0;0;0.630309;800000;
4e-12;184.321;0;0;0;0;-1;0.725663;0;-0.0473402;1.5e+06;0;0;0;0.68642;800000;
5e-12;184.484;0;0;0;0;-1;0.723188;0;0.0365441;1.5e+06;0;0;0;0.689684;800000;
6e-12;181.947;0;0;0;0;-1;0.76499;0;0.0809006;1.5e+06;0;0;0;0.638941;800000;
7e-12;179.353;0;0;0;0;-1;0.808388;0;0.0432631;1.5e+06;0;0;0;0.587059;800000;
8e-12;179.268;0;0;0;0;-1;0.809984;0;-0.0358536;1.5e+06;0;0;0;0.585355;800000;
9e-12;181.681;0;0;0;0;-1;0.769872;0;-0.0762869;1.5e+06;0;0;0;0.633622;800000;
1e-11;184.118;0;0;0;0;-1;0.729944;0;-0.0394103;1.5e+06;0;0;0;0.682369;800000;
1.1e-11;184.148;0;0;0;0;-1;0.7296;0;0.0351696;1.5e+06;0;0;0;0.682969;800000;
1.2e-11;181.838;0;0;0;0;-1;0.76771;0;0.0718996;1.5e+06;0;0;0;0.636751;800000;
1.3e-11;179.589;0;0;0;0;-1;0.805312;0;0.0357765;1.5e+06;0;0;0;0.591771;800000;
1.4e-11;179.624;0;0;0;0;-1;0.804841;0;-0.0344858;1.5e+06;0;0;0;0.592487;800000;
1.5e-11;181.823;0;0;0;0;-1;0.768324;0;-0.0677265;1.5e+06;0;0;0;0.636468;800000;
1.6e-11;183.93;0;0;0;0;-1;0.733795;0;-0.0323635;1.5e+06;0;0;0;0.6786;800000;
1.7e-11;183.845;0;0;0;0;-1;0.735294;0;0.0337889;1.5e+06;0;0;0;0.676905;800000;
1.8e-11;181.742;0;0;0;0;-1;0.770005;0;0.0637561;1.5e+06;0;0;0;0.634845;800000;
1.9e-11;179.803;0;0;0;0;-1;0.802414;0;0.0291631;1.5e+06;0;0;0;0.596055;800000;
2e-11;179.941;0;0;0;0;-1;0.800195;0;-0.0330777;1.5e+06;0;0;0;0.598827;800000;
2.1e-11;181.942;0;0;0;0;-1;0.766992;0;-0.0599789;1.5e+06;0;0;0;0.638847;800000;
2.2e-11;183.753;0;0;0;0;-1;0.737293;0;-0.0261732;1.5e+06;0;0;0;0.675066;800000;
2.3e-11;183.573;0;0;0;0;-1;0.740334;0;0.0323451;1.5e+06;0;0;0;0.671461;800000;
2.4e-11;181.662;0;0;0;0;-1;0.771893;0;0.0563857;1.5e+06;0;0;0;0.633247;800000;
2.5e-11;179.999;0;0;0;0;-1;0.799673;0;0.0233841;1.5e+06;0;0;0;0.59998;800000;
2.6e-11;180.222;0;0;0;0;-1;0.796023;0;-0.0315927;1.5e+06;0;0;0;0.604442;800000;
2.7e-11;182.039;0;0;0;0;-1;0.765893;0;-0.0529686;1.5e+06;0;0;0;0.640782;800000;
2.8e-11;183.587;0;0;0;0;-1;0.740493;0;-0.0207914;1.5e+06;0;0;0;0.671742;800000;
2.9e-11;183.33;0;0;0;0;-1;0.744779;0;0.0308178;1.5e+06;0;0;0;0.666599;800000;
3e-11;181.598;0;0;0;0;-1;0.773405;0;0.0497201;1.5e+06;0;0;0;0.631959;800000;
3.1e-11;180.18;0;0;0;0;-1;0.79708;0;0.0183845;1.5e+06;0;0;0;0.603594;800000;
3.2e-11;180.47;0;0;0;0;-1;0.792298;0;-0.0300236;1.5e+06;0;0;0;0.609395;800000;
3.3e-11;182.116;0;0;0;0;-1;0.765024;0;-0.0466333;1.5e+06;0;0;0;0.642311;800000;
3.4e-11;183.431;0;0;0;0;-1;0.743431;0;-0.0161577;1.5e+06;0;0;0;0.668617;800000;
3.5e-11;183.114;0;0;0;0;-1;0.748686;0;0.0292098;1.5e+06;0;0;0;0.662281;800000;
3.6e-11;181.548;0;0;0;0;-1;0.774581;0;0.0437017;1.5e+06;0;0;0;0.630963;800000;
3.7e-11;180.346;0;0;0;0;-1;0.794631;0;0.0141003;1.5e+06;0;0;0;0.606929;800000;
3.8e-11;180.687;0;0;0;0;-1;0.788993;0;-0.0283803;1.5e+06;0;0;0;0.613747;800000;
3.9e-11;182.174;0;0;0;0;-1;0.764372;0;-0.0409192;1.5e+06;0;0;0;0.643476;800000;
4e-11;183.284;0;0;0;0;-1;0.746134;0;-0.0122058;1.5e+06;0;0;0;0.665683;800000;
4.1e-11;182.923;0;0;0;0;-1;0.752107;0;0.0275363;1.5e+06;0;0;0;0.658466;800000;
4.2e-11;181.512;0;0;0;0;-1;0.775461;0;0.0382799;1.5e+06;0;0;0;0.630234;800000;
4.3e-11;180.5;0;0;0;0;-1;0.792327;0;0.0104638;1.5e+06;0;0;0;0.610007;800000;
4.4e-11;180.878;0;0;0;0;-1;0.786074;0;-0.0266819;1.5e+06;0;0;0;0.617556;800000;
4.5e-11;182.216;0;0;0;0;-1;0.763915;0;-0.0357784;1.5e+06;0;0;0;0.644324;800000;
4.6e-11;183.147;0;0;0;0;-1;0.748621;0;-0.00886747;1.5e+06;0;0;0;0.662939;800000;
4.7e-11;182.756;0;0;0;0;-1;0.75509;0;0.025819;1.5e+06;0;0;0;0.655113;800000;
4.8e-11;181.487;0;0;0;0;-1;0.776086;0;0.033409;1.5e+06;0;0;0;0.629742;800000;
4.9e-11;180.642;0;0;0;0;-1;0.790169;0;0.00740693;1.5e+06;0;0;0;0.612845;800000;
5e-11;181.044;0;0;0;0;-1;0.783512;0;-0.0249515;1.5e+06;0;0;0;0.620875;800000;
5.1e-11;182.245;0;0;0;0;-1;0.763632;0;-0.0311667;1.5e+06;0;0;0;0.644899;800000;
5.2e-11;183.019;0;0;0;0;-1;0.750906;0;-0.00607537;1.5e+06;0;0;0;0.660381;800000;
5.3e-11;182.609;0;0;0;0;-1;0.757681;0;0.0240816;1.5e+06;0;0;0;0.65218;800000;
5.4e-11;181.473;0;0;0;0;-1;0.776495;0;0.0290462;1.5e+06;0;0;0;0.629454;800000;
5.5e-11;180.773;0;0;0;0;-1;0.788156;0;0.0048636;1.5e+06;0;0;0;0.615456;800000;
5.6e-11;181.188;0;0;0;0;-1;0.781275;0;-0.0232128;1.5e+06;0;0;0;0.623755;800000;
5.7e-11;182.262;0;0;0;0;-1;0.763497;0;-0.0270427;1.5e+06;0;0;0;0.645245;800000;
5.8e-11;182.9;0;0;0;0;-1;0.753001;0;-0.00376503;1.5e+06;0;0;0;0.658008;800000;
5.9e-11;182.481;0;0;0;0;-1;0.759922;0;0.0223472;1.5e+06;0;0;0;0.64963;800000;
6e-11;181.467;0;0;0;0;-1;0.776724;0;0.0251512;1.5e+06;0;0;0;0.629339;800000;
6.1e-11;180.893;0;0;0;0;-1;0.786289;0;0.00277122;1.5e+06;0;0;0;0.617852;800000;
6.2e-11;181.312;0;0;0;0;-1;0.779332;0;-0.0214879;1.5e+06;0;0;0;0.626243;800000;
6.3e-11;182.27;0;0;0;0;-1;0.763486;0;-0.023367;1.5e+06;0;0;0;0.645401;800000;
6.4e-11;182.791;0;0;0;0;-1;0.754918;0;-0.00187592;1.5e+06;0;0;0;0.655816;800000;
6.5e-11;182.371;0;0;0;0;-1;0.761852;0;0.0206369;1.5e+06;0;0;0;0.647423;800000;
6.6e-11;181.468;0;0;0;0;-1;0.776805;0;0.0216855;1.5e+06;0;0;0;0.629368;800000;
6.7e-11;181.002;0;0;0;0;-1;0.784566;0;0.00107153;1.5e+06;0;0;0;0.620045;800000;
6.8e-11;181.419;0;0;0;0;-1;0.777653;0;-0.0197966;1.5e+06;0;0;0;0.628382;800000;
6.9e-11;182.27;0;0;0;0;-1;0.763578;0;-0.0201022;1.5e+06;0;0;0;0.645402;800000;
7e-11;182.69;0;0;0;0;-1;0.756667;0;-0.000352206;1.5e+06;0;0;0;0.6538;800000;
7.1e-11;182.276;0;0;0;0;-1;0.763505;0;0.0189688;1.5e+06;0;0;0;0.645524;800000;
7.2e-11;181.476;0;0;0;0;-1;0.776767;0;0.0186126;1.5e+06;0;0;0;0.629513;800000;
7.3e-11;181.102;0;0;0;0;-1;0.782982;0;-0.000288868;1.5e+06;0;0;0;0.622044;800000;
7.4e-11;181.511;0;0;0;0;-1;0.776212;0;-0.0181555;1.5e+06;0;0;0;0.630211;800000;
7.5e-11;182.264;0;0;0;0;-1;0.763753;0;-0.0172125;1.5e+06;0;0;0;0.645279;800000;
7.6e-11;182.598;0;0;0;0;-1;0.758257;0;0.000857031;1.5e+06;0;0;0;0.651955;800000;
7.7e-11;182.195;0;0;0;0;-1;0.764914;0;0.017358;1.5e+06;0;0;0;0.643898;800000;
7.8e-11;181.488;0;0;0;0;-1;0.776635;0;0.0158977;1.5e+06;0;0;0;0.62975;800000;
7.9e-11;181.193;0;0;0;0;-1;0.781533;0;-0.00135835;1.5e+06;0;0;0;0.623862;800000;
8e-11;181.588;0;0;0;0;-1;0.774981;0;-0.0165779;1.5e+06;0;0;0;0.631767;800000;
8.1e-11;182.253;0;0;0;0;-1;0.763991;0;-0.0146642;1.5e+06;0;0;0;0.645061;800000;
8.2e-11;182.514;0;0;0;0;-1;0.759699;0;0.00179767;1.5e+06;0;0;0;0.650273;800000;
8.3e-11;182.126;0;0;0;0;-1;0.766109;0;0.0158162;1.5e+06;0;0;0;0.642516;800000;
8.4e-11;181.503;0;0;0;0;-1;0.776431;0;0.0135079;1.5e+06;0;0;0;0.630058;800000;
8.5e-11;181.275;0;0;0;0;-1;0.780214;0;-0.00218033;1.5e+06;0;0;0;0.625508;800000;
8.6e-11;181.654;0;0;0;0;-1;0.773936;0;-0.0150741;1.5e+06;0;0;0;0.633084;800000;
8.7e-11;182.238;0;0;0;0;-1;0.764277;0;-0.0124252;1.5e+06;0;0;0;0.644769;800000;
8.8e-11;182.437;0;0;0;0;-1;0.761001;0;0.00251067;1.5e+06;0;0;0;0.648746;800000;
8.9e-11;182.067;0;0;0;0;-1;0.767117;0;0.0143523;1.5e+06;0;0;0;0.641347;800000;
9e-11;181.521;0;0;0;0;-1;0.776173;0;0.0114121;1.5e+06;0;0;0;0.630417;800000;
9.1e-11;181.35;0;0;0;0;-1;0.779019;0;-0.00279339;1.5e+06;0;0;0;0.626994;800000;
9.2e-11;181.71;0;0;0;0;-1;0.773056;0;-0.0136515;1.5e+06;0;0;0;0.634191;800000;
9.3e-11;182.221;0;0;0;0;-1;0.764597;0;-0.0104654;1.5e+06;0;0;0;0.644424;800000;
9.4e-11;182.368;0;0;0;0;-1;0.762174;0;0.00303234;1.5e+06;0;0;0;0.647365;800000;
9.5e-11;182.018;0;0;0;0;-1;0.76796;0;0.0129722;1.5e+06;0;0;0;0.640366;800000;
9.6e-11;181.541;0;0;0;0;-1;0.775876;0;0.0095813;1.5e+06;0;0;0;0.630812;800000;
9.7e-11;181.417;0;0;0;0;-1;0.777939;0;-0.0032316;1.5e+06;0;0;0;0.628331;800000;
9.8e-11;181.756;0;0;0;0;-1;0.77232;0;-0.0123149;1.5e+06;0;0;0;0.635115;800000;
9.9e-11;182.202;0;0;0;0;-1;0.76494;0;-0.00875668;1.5e+06;0;0;0;0.644042;800000;
1e-10;182.306;0;0;0;0;-1;0.763226;0;0.00339457;1.5e+06;0;0;0;0.646123;800000;
1.01e-10;181.977;0;0;0;0;-1;0.768661;0;0.0116798;1.5e+06;0;0;0;0.639549;800000;
1.02e-10;181.562;0;0;0;0;-1;0.775554;0;0.00798823;1.5e+06;0;0;0;0.63123;800000;
1.03e-10;181.476;0;0;0;0;-1;0.776969;0;-0.00352478;1.5e+06;0;0;0;0.629529;800000;
1.04e-10;181.794;0;0;0;0;-1;0.771709;0;-0.011067;1.5e+06;0;0;0;0.63588;800000;
1.05e-10;182.182;0;0;0;0;-1;0.765295;0;-0.00727293;1.5e+06;0;0;0;0.643638;800000;
1.06e-10;182.25;0;0;0;0;-1;0.764167;0;0.00362521;1.5e+06;0;0;0;0.645008;800000;
1.07e-10;181.944;0;0;0;0;-1;0.76924;0;0.0104767;1.5e+06;0;0;0;0.638874;800000;
1.08e-10;181.583;0;0;0;0;-1;0.775218;0;0.00660774;1.5e+06;0;0;0;0.63166;800000;
1.09e-10;181.53;0;0;0;0;-1;0.776099;0;-0.0036989;1.5e+06;0;0;0;0.6306;800000;
1.1e-10;181.825;0;0;0;0;-1;0.771206;0;-0.0099087;1.5e+06;0;0;0;0.636508;800000;
1.11e-10;182.161;0;0;0;0;-1;0.765656;0;-0.00598991;1.5e+06;0;0;0;0.643223;800000;
1.12e-10;182.201;0;0;0;0;-1;0.765006;0;0.00374843;1.5e+06;0;0;0;0.644012;800000;
1.13e-10;181.916;0;0;0;0;-1;0.769712;0;0.00936295;1.5e+06;0;0;0;0.638323;800000;
1.14e-10;181.605;0;0;0;0;-1;0.774875;0;0.00541662;1.5e+06;0;0;0;0.632091;800000;
1.15e-10;181.578;0;0;0;0;-1;0.775324;0;-0.00377641;1.5e+06;0;0;0;0.631552;800000;
1.16e-10;181.851;0;0;0;0;-1;0.770798;0;-0.00883923;1.5e+06;0;0;0;0.637018;800000;
1.17e-10;182.14;0;0;0;0;-1;0.766014;0;-0.00488535;1.5e+06;0;0;0;0.642805;800000;
1.18e-10;182.156;0;0;0;0;-1;0.765751;0;0.00378505;1.5e+06;0;0;0;0.643126;800000;
1.19e-10;181.894;0;0;0;0;-1;0.770093;0;0.00833726;1.5e+06;0;0;0;0.637877;800000;
1.2e-10;181.626;0;0;0;0;-1;0.774533;0;0.00439353;1.5e+06;0;0;0;0.632519;800000;
1.21e-10;181.62;0;0;0;0;-1;0.774635;0;-0.00377658;1.5e+06;0;0;0;0.632398;800000;
1.22e-10;181.871;0;0;0;0;-1;0.77047;0;-0.0078567;1.5e+06;0;0;0;0.637428;800000;
1.23e-10;182.12;0;0;0;0;-1;0.766366;0;-0.00393886;1.5e+06;0;0;0;0.642393;800000;
1.24e-10;182.117;0;0;0;0;-1;0.766411;0;0.00375291;1.5e+06;0;0;0;0.64234;800000;
1.25e-10;181.876;0;0;0;0;-1;0.770397;0;0.00739718;1.5e+06;0;0;0;0.637521;800000;
1.26e-10;181.647;0;0;0;0;-1;0.774197;0;0.003519;1.5e+06;0;0;0;0.632935;800000;
1.27e-10;181.657;0;0;0;0;-1;0.774024;0;-0.00371589;1.5e+06;0;0;0;0.633145;800000;
1.28e-10;181.888;0;0;0;0;-1;0.77021;0;-0.00695826;1.5e+06;0;0;0;0.637752;800000;
1.29e-10;182.1;0;0;0;0;-1;0.766706;0;-0.00313185;1.5e+06;0;0;0;0.641991;800000;
1.3e-10;182.082;0;0;0;0;-1;0.766993;0;0.00366716;1.5e+06;0;0;0;0.641645;800000;
1.31e-10;181.862;0;0;0;0;-1;0.770636;0;0.00653947;1.5e+06;0;0;0;0.637243;800000;
1.32e-10;181.667;0;0;0;0;-1;0.773871;0;0.00277531;1.5e+06;0;0;0;0.633337;800000;
1.33e-10;181.69;0;0;0;0;-1;0.773486;0;-0.00360829;1.5e+06;0;0;0;0.633803;800000;
1.34e-10;181.9;0;0;0;0;-1;0.770009;0;-0.00614032;1.5e+06;0;0;0;0.638004;800000;
1.35e-10;182.08;0;0;0;0;-1;0.767033;0;-0.00244746;1.5e+06;0;0;0;0.641603;800000;
1.36e-10;182.052;0;0;0;0;-1;0.767504;0;0.00354064;1.5e+06;0;0;0;0.641034;800000;
1.37e-10;181.851;0;0;0;0;-1;0.770818;0;0.00576028;1.5e+06;0;0;0;0.637029;800000;
1.38e-10;181.686;0;0;0;0;-1;0.773559;0;0.00214642;1.5e+06;0;0;0;0.633721;800000;
1.39e-10;181.719;0;0;0;0;-1;0.773013;0;-0.00346553;1.5e+06;0;0;0;0.634381;800000;
1.4e-10;181.91;0;0;0;0;-1;0.769857;0;-0.0053988;1.5e+06;0;0;0;0.638194;800000;
1.41e-10;182.062;0;0;0;0;-1;0.767343;0;-0.00187046;1.5e+06;0;0;0;0.641234;800000;
1.42e-10;182.025;0;0;0;0;-1;0.767953;0;0.0033841;1.5e+06;0;0;0;0.640498;800000;
1.43e-10;181.843;0;0;0;0;-1;0.770955;0;0.00505532;1.5e+06;0;0;0;0.63687;800000;
1.44e-10;181.704;0;0;0;0;-1;0.773262;0;0.00161788;1.5e+06;0;0;0;0.634085;800000;
1.45e-10;181.744;0;0;0;0;-1;0.772599;0;-0.00329743;1.5e+06;0;0;0;0.634886;800000;
1.46e-10;181.917;0;0;0;0;-1;0.769745;0;-0.00472926;1.5e+06;0;0;0;0.638333;800000;
1.47e-10;182.044;0;0;0;0;-1;0.767636;0;-0.00138713;1.5e+06;0;0;0;0.640885;800000;
1.48e-10;182.001;0;0;0;0;-1;0.768344;0;0.00320647;1.5e+06;0;0;0;0.64003;800000;
1.49e-10;181.838;0;0;0;0;-1;0.771053;0;0.00442003;1.5e+06;0;0;0;0.636756;800000;
1.5e-10;181.721;0;0;0;0;-1;0.772982;0;0.0011767;1.5e+06;0;0;0;0.634426;800000;
1.51e-10;181.766;0;0;0;0;-1;0.772238;0;-0.00311212;1.5e+06;0;0;0;0.635326;800000;
1.52e-10;181.922;0;0;0;0;-1;0.769668;0;-0.00412706;1.5e+06;0;0;0;0.638431;800000;
1.53e-10;182.028;0;0;0;0;-1;0.76791;0;-0.000985189;1.5e+06;0;0;0;0.640557;800000;
1.54e-10;181.981;0;0;0;0;-1;0.768684;0;0.00301515;1.5e+06;0;0;0;0.639622;800000;
1.55e-10;181.834;0;0;0;0;-1;0.771118;0;0.00384973;1.5e+06;0;0;0;0.63668;800000;
1.56e-10;181.737;0;0;0;0;-1;0.772721;0;0.000811256;1.5e+06;0;0;0;0.634746;800000;
1.57e-10;181.785;0;0;0;0;-1;0.771924;0;-0.00291628;1.5e+06;0;0;0;0.635708;800000;
1.58e-10;181.925;0;0;0;0;-1;0.769619;0;-0.00358747;1.5e+06;0;0;0;0.638493;800000;
1.59e-10;182.013;0;0;0;0;-1;0.768165;0;-0.000653662;1.5e+06;0;0;0;0.640251;800000;
1.6e-10;181.963;0;0;0;0;-1;0.768978;0;0.00281615;1.5e+06;0;0;0;0.639269;800000;
1.61e-10;181.832;0;0;0;0;-1;0.771158;0;0.00333967;1.5e+06;0;0;0;0.636635;800000;
1.62e-10;181.752;0;0;0;0;-1;0.772477;0;0.000511208;1.5e+06;0;0;0;0.635042;800000;
1.63e-10;181.802;0;0;0;0;-1;0.771653;0;-0.00271533;1.5e+06;0;0;0;0.636038;800000;
1.64e-10;181.926;0;0;0;0;-1;0.769593;0;-0.00310577;1.5e+06;0;0;0;0.638527;800000;
1.65e-10;181.998;0;0;0;0;-1;0.768401;0;-0.000382795;1.5e+06;0;0;0;0.639968;800000;
1.66e-10;181.948;0;0;0;0;-1;0.769232;0;0.00261434;1.5e+06;0;0;0;0.638964;800000;
1.67e-10;181.831;0;0;0;0;-1;0.771177;0;0.00288517;1.5e+06;0;0;0;0.636615;800000;
1.68e-10;181.766;0;0;0;0;-1;0.772252;0;0.000267364;1.5e+06;0;0;0;0.635316;800000;
1.69e-10;181.816;0;0;0;0;-1;0.77142;0;-0.00251362;1.5e+06;0;0;0;0.636322;800000;
1.7e-10;181.927;0;0;0;0;-1;0.769585;0;-0.00267732;1.5e+06;0;0;0;0.638538;800000;
1.71e-10;181.985;0;0;0;0;-1;0.768619;0;-0.000163943;1.5e+06;0;0;0;0.639707;800000;
1.72e-10;181.935;0;0;0;0;-1;0.76945;0;0.00241357;1.5e+06;0;0;0;0.638703;800000;
1.73e-10;181.831;0;0;0;0;-1;0.771178;0;0.00248164;1.5e+06;0;0;0;0.636614;800000;
1.74e-10;181.778;0;0;0;0;-1;0.772045;0;7.15981e-05;1.5e+06;0;0;0;0.635567;800000;
1.75e-10;181.828;0;0;0;0;-1;0.77122;0;-0.00231456;1.5e+06;0;0;0;0.636565;800000;
1.76e-10;181.927;0;0;0;0;-1;0.769592;0;-0.0022976;1.5e+06;0;0;0;0.638532;800000;
1.77e-10;181.973;0;0;0;0;-1;0.768818;0;1.0526e-05;1.5e+06;0;0;0;0.639467;800000;
1.78e-10;181.924;0;0;0;0;-1;0.769636;0;0.00221688;1.5e+06;0;0;0;0.638479;800000;
1.79e-10;181.831;0;0;0;0;-1;0.771167;0;0.00212466;1.5e+06;0;0;0;0.636629;800000;
1.8e-10;181.79;0;0;0;0;-1;0.771856;0;-8.32488e-05;1.5e+06;0;0;0;0.635797;800000;
1.81e-10;181.839;0;0;0;0;-1;0.771049;0;-0.00212081;1.5e+06;0;0;0;0.636772;800000;
1.82e-10;181.926;0;0;0;0;-1;0.76961;0;-0.0019623;1.5e+06;0;0;0;0.638511;800000;
1.83e-10;181.962;0;0;0;0;-1;0.769;0;0.000147322;1.5e+06;0;0;0;0.639249;800000;
1.84e-10;181.914;0;0;0;0;-1;0.769794;0;0.00202656;1.5e+06;0;0;0;0.638289;800000;
1.85e-10;181.833;0;0;0;0;-1;0.771145;0;0.00181;1.5e+06;0;0;0;0.636657;800000;
1.86e-10;181.8;0;0;0;0;-1;0.771684;0;-0.000203462;1.5e+06;0;0;0;0.636007;800000;
1.87e-10;181.847;0;0;0;0;-1;0.770904;0;-0.00193435;1.5e+06;0;0;0;0.636948;800000;
1.88e-10;181.924;0;0;0;0;-1;0.769637;0;-0.00166729;1.5e+06;0;0;0;0.63848;800000;
1.89e-10;181.952;0;0;0;0;-1;0.769165;0;0.000252326;1.5e+06;0;0;0;0.63905;800000;
1.9e-10;181.906;0;0;0;0;-1;0.769928;0;0.00184434;1.5e+06;0;0;0;0.638128;800000;
1.91e-10;181.835;0;0;0;0;-1;0.771116;0;0.00153367;1.5e+06;0;0;0;0.636693;800000;
1.92e-10;181.81;0;0;0;0;-1;0.771527;0;-0.000294538;1.5e+06;0;0;0;0.636196;800000;
1.93e-10;181.855;0;0;0;0;-1;0.770782;0;-0.00175665;1.5e+06;0;0;0;0.637096;800000;
1.94e-10;181.922;0;0;0;0;-1;0.76967;0;-0.0014087;1.5e+06;0;0;0;0.63844;800000;
1.95e-10;181.943;0;0;0;0;-1;0.769315;0;0.00033067;1.5e+06;0;0;0;0.63887;800000;
1.96e-10;181.9;0;0;0;0;-1;0.77004;0;0.00167141;1.5e+06;0;0;0;0.637993;800000;
1.97e-10;181.837;0;0;0;0;-1;0.771081;0;0.00129191;1.5e+06;0;0;0;0.636736;800000;
1.98e-10;181.818;0;0;0;0;-1;0.771386;0;-0.000361263;1.5e+06;0;0;0;0.636368;800000;
1.99e-10;181.861;0;0;0;0;-1;0.77068;0;-0.0015887;1.5e+06;0;0;0;0.63722;800000;
2e-10;181.92;0;0;0;0;-1;0.769708;0;-0.00118287;1.5e+06;0;0;0;0.638395;800000;
2.01e-10;181.935;0;0;0;0;-1;0.769449;0;0.000386814;1.5e+06;0;0;0;0.638708;800000;
2.02e-10;181.894;0;0;0;0;-1;0.770134;0;0.00150858;1.5e+06;0;0;0;0.63788;800000;
2.03e-10;181.839;0;0;0;0;-1;0.771042;0;0.00108118;1.5e+06;0;0;0;0.636783;800000;
2.04e-10;181.826;0;0;0;0;-1;0.771259;0;-0.000407791;1.5e+06;0;0;0;0.636522;800000;
2.05e-10;181.866;0;0;0;0;-1;0.770595;0;-0.00143111;1.5e+06;0;0;0;0.637324;800000;
2.06e-10;181.917;0;0;0;0;-1;0.769748;0;-0.000986439;1.5e+06;0;0;0;0.638347;800000;
2.07e-10;181.928;0;0;0;0;-1;0.76957;0;0.000424622;1.5e+06;0;0;0;0.638562;800000;
2.08e-10;181.889;0;0;0;0;-1;0.770212;0;0.00135632;1.5e+06;0;0;0;0.637787;800000;
2.09e-10;181.842;0;0;0;0;-1;0.771001;0;0.000898251;1.5e+06;0;0;0;0.636833;800000;
2.1e-10;181.833;0;0;0;0;-1;0.771145;0;-0.000437709;1.5e+06;0;0;0;0.63666;800000;
2.11e-10;181.87;0;0;0;0;-1;0.770525;0;-0.00128423;1.5e+06;0;0;0;0.637409;800000;
2.12e-10;181.915;0;0;0;0;-1;0.76979;0;-0.000816255;1.5e+06;0;0;0;0.638296;800000;
2.13e-10;181.922;0;0;0;0;-1;0.769678;0;0.000447421;1.5e+06;0;0;0;0.638432;800000;
2.14e-10;181.885;0;0;0;0;-1;0.770276;0;0.00121482;1.5e+06;0;0;0;0.63771;800000;
2.15e-10;181.844;0;0;0;0;-1;0.770959;0;0.000740095;1.5e+06;0;0;0;0.636884;800000;
2.16e-10;181.839;0;0;0;0;-1;0.771043;0;-0.000454103;1.5e+06;0;0;0;0.636783;800000;
2.17e-10;181.874;0;0;0;0;-1;0.770467;0;-0.00114811;1.5e+06;0;0;0;0.637478;800000;
2.18e-10;181.912;0;0;0;0;-1;0.769833;0;-0.000669436;1.5e+06;0;0;0;0.638245;800000;
2.19e-10;181.916;0;0;0;0;-1;0.769774;0;0.00045807;1.5e+06;0;0;0;0.638316;800000;
2.2e-10;181.882;0;0;0;0;-1;0.770328;0;0.00108406;1.5e+06;0;0;0;0.637647;800000;
2.21e-10;181.847;0;0;0;0;-1;0.770917;0;0.000603952;1.5e+06;0;0;0;0.636936;800000;
2.22e-10;181.845;0;0;0;0;-1;0.770952;0;-0.000459615;1.5e+06;0;0;0;0.636893;800000;
2.23e-10;181.877;0;0;0;0;-1;0.770421;0;-0.00102266;1.5e+06;0;0;0;0.637535;800000;
2.24e-10;181.91;0;0;0;0;-1;0.769875;0;-0.000543337;1.5e+06;0;0;0;0.638194;800000;
2.25e-10;181.911;0;0;0;0;-1;0.76986;0;0.000459007;1.5e+06;0;0;0;0.638213;800000;
2.26e-10;181.88;0;0;0;0;-1;0.770369;0;0.000963855;1.5e+06;0;0;0;0.637597;800000;
2.27e-10;181.849;0;0;0;0;-1;0.770875;0;0.000487294;1.5e+06;0;0;0;0.636987;800000;
2.28e-10;181.849;0;0;0;0;-1;0.770872;0;-0.000456495;1.5e+06;0;0;0;0.63699;800000;
2.29e-10;181.879;0;0;0;0;-1;0.770384;0;-0.00090761;1.5e+06;0;0;0;0.637579;800000;
2.3e-10;181.907;0;0;0;0;-1;0.769917;0;-0.000435546;1.5e+06;0;0;0;0.638144;800000;
2.31e-10;181.906;0;0;0;0;-1;0.769936;0;0.000452306;1.5e+06;0;0;0;0.638122;800000;
2.32e-10;181.878;0;0;0;0;-1;0.770402;0;0.000853873;1.5e+06;0;0;0;0.637558;800000;
2.33e-10;181.852;0;0;0;0;-1;0.770834;0;0.000387823;1.5e+06;0;0;0;0.637036;800000;
2.34e-10;181.854;0;0;0;0;-1;0.770801;0;-0.00044665;1.5e+06;0;0;0;0.637076;800000;
2.35e-10;181.881;0;0;0;0;-1;0.770355;0;-0.000802591;1.5e+06;0;0;0;0.637615;800000;
2.36e-10;181.905;0;0;0;0;-1;0.769957;0;-0.000343874;1.5e+06;0;0;0;0.638096;800000;
2.37e-10;181.902;0;0;0;0;-1;0.770002;0;0.000439717;1.5e+06;0;0;0;0.638041;800000;
2.38e-10;181.876;0;0;0;0;-1;0.770428;0;0.000753704;1.5e+06;0;0;0;0.637527;800000;
2.39e-10;181.854;0;0;0;0;-1;0.770795;0;0.000303456;1.5e+06;0;0;0;0.637084;800000;
2.4e-10;181.858;0;0;0;0;-1;0.770739;0;-0.000431684;1.5e+06;0;0;0;0.637151;800000;
2.41e-10;181.882;0;0;0;0;-1;0.770333;0;-0.000707148;1.5e+06;0;0;0;0.637642;800000;
2.42e-10;181.902;0;0;0;0;-1;0.769996;0;-0.00026634;1.5e+06;0;0;0;0.638049;800000;
2.43e-10;181.899;0;0;0;0;-1;0.770061;0;0.00042271;1.5e+06;0;0;0;0.63797;800000;
2.44e-10;181.875;0;0;0;0;-1;0.770447;0;0.000662859;1.5e+06;0;0;0;0.637503;800000;
2.45e-10;181.856;0;0;0;0;-1;0.770757;0;0.000232311;1.5e+06;0;0;0;0.637129;800000;
2.46e-10;181.861;0;0;0;0;-1;0.770684;0;-0.000412941;1.5e+06;0;0;0;0.637217;800000;
2.47e-10;181.883;0;0;0;0;-1;0.770316;0;-0.000620768;1.5e+06;0;0;0;0.637662;800000;
2.48e-10;181.9;0;0;0;0;-1;0.770032;0;-0.000201161;1.5e+06;0;0;0;0.638005;800000;
2.49e-10;181.895;0;0;0;0;-1;0.770112;0;0.00040251;1.5e+06;0;0;0;0.637909;800000;
2.5e-10;181.874;0;0;0;0;-1;0.770461;0;0.000580806;1.5e+06;0;0;0;0.637486;800000;
2.51e-10;181.859;0;0;0;0;-1;0.770722;0;0.000172698;1.5e+06;0;0;0;0.637172;800000;
2.52e-10;181.864;0;0;0;0;-1;0.770636;0;-0.000391537;1.5e+06;0;0;0;0.637275;800000;
2.53e-10;181.884;0;0;0;0;-1;0.770304;0;-0.000542902;1.5e+06;0;0;0;0.637676;800000;
2.54e-10;181.898;0;0;0;0;-1;0.770067;0;-0.000146737;1.5e+06;0;0;0;0.637963;800000;
2.55e-10;181.893;0;0;0;0;-1;0.770157;0;0.000380131;1.5e+06;0;0;0;0.637855;800000;
2.56e-10;181.874;0;0;0;0;-1;0.770471;0;0.000506984;1.5e+06;0;0;0;0.637474;800000;
2.57e-10;181.861;0;0;0;0;-1;0.770688;0;0.000123105;1.5e+06;0;0;0;0.637212;800000;
2.58e-10;181.866;0;0;0;0;-1;0.770595;0;-0.000368391;1.5e+06;0;0;0;0.637325;800000;
2.59e-10;181.884;0;0;0;0;-1;0.770296;0;-0.000472981;1.5e+06;0;0;0;0.637686;800000;
2.6e-10;181.896;0;0;0;0;-1;0.770099;0;-0.000101637;1.5e+06;0;0;0;0.637925;800000;
2.61e-10;181.89;0;0;0;0;-1;0.770195;0;0.000356404;1.5e+06;0;0;0;0.637808;800000;
2.62e-10;181.873;0;0;0;0;-1;0.770478;0;0.00044082;1.5e+06;0;0;0;0.637467;800000;
2.63e-10;181.862;0;0;0;0;-1;0.770657;0;8.218e-05;1.5e+06;0;0;0;0.63725;800000;
2.64e-10;181.868;0;0;0;0;-1;0.770559;0;-0.000344252;1.5e+06;0;0;0;0.637369;800000;
2.65e-10;181.885;0;0;0;0;-1;0.770291;0;-0.00041043;1.5e+06;0;0;0;0.637692;800000;
2.66e-10;181.894;0;0;0;0;-1;0.770129;0;-6.45875e-05;1.5e+06;0;0;0;0.637888;800000;
2.67e-10;181.888;0;0;0;0;-1;0.770229;0;0.000332004;1.5e+06;0;0;0;0.637768;800000;
2.68e-10;181.873;0;0;0;0;-1;0.770481;0;0.000381739;1.5e+06;0;0;0;0.637462;800000;
2.69e-10;181.864;0;0;0;0;-1;0.770629;0;4.87228e-05;1.5e+06;0;0;0;0.637285;800000;
2.7e-10;181.87;0;0;0;0;-1;0.770528;0;-0.000319725;1.5e+06;0;0;0;0.637406;800000;
2.71e-10;181.885;0;0;0;0;-1;0.770289;0;-0.000354677;1.5e+06;0;0;0;0.637695;800000;
2.72e-10;181.893;0;0;0;0;-1;0.770156;0;-3.44573e-05;1.5e+06;0;0;0;0.637855;800000;
2.73e-10;181.887;0;0;0;0;-1;0.770258;0;0.00030747;1.5e+06;0;0;0;0.637733;800000;
2.74e-10;181.873;0;0;0;0;-1;0.770483;0;0.000329175;1.5e+06;0;0;0;0.637461;800000;
2.75e-10;181.866;0;0;0;0;-1;0.770602;0;2.16699e-05;1.5e+06;0;0;0;0.637317;800000;
2.76e-10;181.872;0;0;0;0;-1;0.770501;0;-0.000295291;1.5e+06;0;0;0;0.637439;800000;
2.77e-10;181.885;0;0;0;0;-1;0.770289;0;-0.000305165;1.5e+06;0;0;0;0.637695;800000;
2.78e-10;181.891;0;0;0;0;-1;0.770182;0;-1.02472e-05;1.5e+06;0;0;0;0.637824;800000;
2.79e-10;181.885;0;0;0;0;-1;0.770282;0;0.00028323;1.5e+06;0;0;0;0.637703;800000;
2.8e-10;181.873;0;0;0;0;-1;0.770482;0;0.00028258;1.5e+06;0;0;0;0.637462;800000;
2.81e-10;181.867;0;0;0;0;-1;0.770578;0;8.25737e-08;1.5e+06;0;0;0;0.637346;800000;
2.82e-10;181.873;0;0;0;0;-1;0.770478;0;-0.000271325;1.5e+06;0;0;0;0.637466;800000;
2.83e-10;181.885;0;0;0;0;-1;0.77029;0;-0.000261354;1.5e+06;0;0;0;0.637693;800000;
2.84e-10;181.89;0;0;0;0;-1;0.770205;0;8.9235e-06;1.5e+06;0;0;0;0.637796;800000;
2.85e-10;181.884;0;0;0;0;-1;0.770303;0;0.000259612;1.5e+06;0;0;0;0.637677;800000;
2.86e-10;181.873;0;0;0;0;-1;0.77048;0;0.000241424;1.5e+06;0;0;0;0.637464;800000;
2.87e-10;181.869;0;0;0;0;-1;0.770556;0;-1.68645e-05;1.5e+06;0;0;0;0.637373;800000;
2.88e-10;181.874;0;0;0;0;-1;0.770459;0;-0.000248116;1.5e+06;0;0;0;0.63749;800000;
2.89e-10;181.885;0;0;0;0;-1;0.770293;0;-0.000222728;1.5e+06;0;0;0;0.63769;800000;
2.9e-10;181.889;0;0;0;0;-1;0.770226;0;2.38276e-05;1.5e+06;0;0;0;0.637771;800000;
2.91e-10;181.883;0;0;0;0;-1;0.770321;0;0.000236865;1.5e+06;0;0;0;0.637656;800000;
2.92e-10;181.873;0;0;0;0;-1;0.770477;0;0.000205205;1.5e+06;0;0;0;0.637468;800000;
2.93e-10;181.87;0;0;0;0;-1;0.770535;0;-2.98945e-05;1.5e+06;0;0;0;0.637397;800000;
2.94e-10;181.875;0;0;0;0;-1;0.770442;0;-0.000225877;1.5e+06;0;0;0;0.63751;800000;
2.95e-10;181.884;0;0;0;0;-1;0.770296;0;-0.000188798;1.5e+06;0;0;0;0.637686;800000;
2.96e-10;181.887;0;0;0;0;-1;0.770245;0;3.5141e-05;1.5e+06;0;0;0;0.637748;800000;
2.97e-10;181.882;0;0;0;0;-1;0.770336;0;0.000215171;1.5e+06;0;0;0;0.637638;800000;
2.98e-10;181.874;0;0;0;0;-1;0.770473;0;0.000173449;1.5e+06;0;0;0;0.637473;800000;
2.99e-10;181.871;0;0;0;0;-1;0.770517;0;-3.96384e-05;1.5e+06;0;0;0;0.637419;800000;
3e-10;181.876;0;0;0;0;-1;0.770429;0;-0.00020476;1.5e+06;0;0;0;0.637526;800000;
3.01e-10;181.884;0;0;0;0;-1;0.770301;0;-0.000159104;1.5e+06;0;0;0;0.637681;800000;
3.02e-10;181.886;0;0;0;0;-1;0.770263;0;4.34525e-05;1.5e+06;0;0;0;0.637727;800000;
3.03e-10;181.881;0;0;0;0;-1;0.770349;0;0.000194655;1.5e+06;0;0;0;0.637622;800000;
3.04e-10;181.874;0;0;0;0;-1;0.770468;0;0.00014571;1.5e+06;0;0;0;0.637478;800000;
3.05e-10;181.872;0;0;0;0;-1;0.770501;0;-4.66449e-05;1.5e+06;0;0;0;0.637439;800000;
3.06e-10;181.877;0;0;0;0;-1;0.770417;0;-0.000184865;1.5e+06;0;0;0;0.63754;800000;
3.07e-10;181.884;0;0;0;0;-1;0.770305;0;-0.000133216;1.5e+06;0;0;0;0.637675;800000;
3.08e-10;181.885;0;0;0;0;-1;0.770278;0;4.92727e-05;1.5e+06;0;0;0;0.637708;800000;
3.09e-10;181.88;0;0;0;0;-1;0.77036;0;0.000175396;1.5e+06;0;0;0;0.63761;800000;
3.1e-10;181.874;0;0;0;0;-1;0.770464;0;0.000121574;1.5e+06;0;0;0;0.637484;800000;
3.11e-10;181.873;0;0;0;0;-1;0.770486;0;-5.13891e-05;1.5e+06;0;0;0;0.637457;800000;
3.12e-10;181.878;0;0;0;0;-1;0.770407;0;-0.000166252;1.5e+06;0;0;0;0.637552;800000;
3.13e-10;181.883;0;0;0;0;-1;0.77031;0;-0.000110736;1.5e+06;0;0;0;0.637669;800000;
3.14e-10;181.885;0;0;0;0;-1;0.770292;0;5.30431e-05;1.5e+06;0;0;0;0.637691;800000;
3.15e-10;181.88;0;0;0;0;-1;0.770368;0;0.000157435;1.5e+06;0;0;0;0.637599;800000;
3.16e-10;181.875;0;0;0;0;-1;0.770458;0;0.000100658;1.5e+06;0;0;0;0.63749;800000;
3.17e-10;181.874;0;0;0;0;-1;0.770473;0;-5.42805e-05;1.5e+06;0;0;0;0.637473;800000;
3.18e-10;181.878;0;0;0;0;-1;0.7704;0;-0.000148947;1.5e+06;0;0;0;0.637561;800000;
3.19e-10;181.883;0;0;0;0;-1;0.770316;0;-9.12956e-05;1.5e+06;0;0;0;0.637663;800000;
3.2e-10;181.884;0;0;0;0;-1;0.770305;0;5.51433e-05;1.5e+06;0;0;0;0.637676;800000;
3.21e-10;181.88;0;0;0;0;-1;0.770375;0;0.000140786;1.5e+06;0;0;0;0.637591;800000;
3.22e-10;181.875;0;0;0;0;-1;0.770453;0;8.2608e-05;1.5e+06;0;0;0;0.637496;800000;
3.23e-10;181.874;0;0;0;0;-1;0.770461;0;-5.56706e-05;1.5e+06;0;0;0;0.637487;800000;
3.24e-10;181.878;0;0;0;0;-1;0.770393;0;-0.00013295;1.5e+06;0;0;0;0.637569;800000;
3.25e-10;181.883;0;0;0;0;-1;0.770321;0;-7.45555e-05;1.5e+06;0;0;0;0.637657;800000;
3.26e-10;181.883;0;0;0;0;-1;0.770316;0;5.58984e-05;1.5e+06;0;0;0;0.637662;800000;
3.27e-10;181.879;0;0;0;0;-1;0.770381;0;0.000125435;1.5e+06;0;0;0;0.637584;800000;
3.28e-10;181.875;0;0;0;0;-1;0.770448;0;6.71004e-05;1.5e+06;0;0;0;0.637503;800000;
3.29e-10;181.875;0;0;0;0;-1;0.77045;0;-5.58598e-05;1.5e+06;0;0;0;0.6375;800000;
3.3e-10;181.879;0;0;0;0;-1;0.770388;0;-0.000118237;1.5e+06;0;0;0;0.637575;800000;
3.31e-10;181.883;0;0;0;0;-1;0.770326;0;-6.02067e-05;1.5e+06;0;0;0;0.63765;800000;
3.32e-10;181.883;0;0;0;0;-1;0.770326;0;5.55853e-05;1.5e+06;0;0;0;0.63765;800000;
3.33e-10;181.879;0;0;0;0;-1;0.770386;0;0.000111352;1.5e+06;0;0;0;0.637578;800000;
3.34e-10;181.875;0;0;0;0;-1;0.770443;0;5.38399e-05;1.5e+06;0;0;0;0.637509;800000;
3.35e-10;181.876;0;0;0;0;-1;0.770441;0;-5.51031e-05;1.5e+06;0;0;0;0.637511;800000;
3.36e-10;181.879;0;0;0;0;-1;0.770384;0;-0.000104773;1.5e+06;0;0;0;0.63758;800000;
3.37e-10;181.882;0;0;0;0;-1;0.770331;0;-4.79674e-05;1.5e+06;0;0;0;0.637644;800000;
3.38e-10;181.882;0;0;0;0;-1;0.770335;0;5.44388e-05;1.5e+06;0;0;0;0.63764;800000;
3.39e-10;181.879;0;0;0;0;-1;0.770389;0;9.84928e-05;1.5e+06;0;0;0;0.637574;800000;
3.4e-10;181.876;0;0;0;0;-1;0.770438;0;4.25582e-05;1.5e+06;0;0;0;0.637515;800000;
3.41e-10;181.876;0;0;0;0;-1;0.770433;0;-5.36162e-05;1.5e+06;0;0;0;0.637521;800000;
3.42e-10;181.879;0;0;0;0;-1;0.770381;0;-9.25052e-05;1.5e+06;0;0;0;0.637584;800000;
3.43e-10;181.882;0;0;0;0;-1;0.770336;0;-3.75826e-05;1.5e+06;0;0;0;0.637639;800000;
3.44e-10;181.882;0;0;0;0;-1;0.770342;0;5.26567e-05;1.5e+06;0;0;0;0.637631;800000;
3.45e-10;181.879;0;0;0;0;-1;0.770392;0;8.68025e-05;1.5e+06;0;0;0;0.637571;800000;
3.46e-10;181.876;0;0;0;0;-1;0.770434;0;3.30126e-05;1.5e+06;0;0;0;0.63752;800000;
3.47e-10;181.876;0;0;0;0;-1;0.770426;0;-5.15802e-05;1.5e+06;0;0;0;0.63753;800000;
3.48e-10;181.879;0;0;0;0;-1;0.770378;0;-8.13765e-05;1.5e+06;0;0;0;0.637587;800000;
3.49e-10;181.882;0;0;0;0;-1;0.77034;0;-2.88216e-05;1.5e+06;0;0;0;0.637633;800000;
3.5e-10;181.881;0;0;0;0;-1;0.770349;0;5.04046e-05;1.5e+06;0;0;0;0.637622;800000;
3.51e-10;181.878;0;0;0;0;-1;0.770394;0;7.62192e-05;1.5e+06;0;0;0;0.637568;800000;
3.52e-10;181.876;0;0;0;0;-1;0.770429;0;2.49845e-05;1.5e+06;0;0;0;0.637526;800000;
3.53e-10;181.877;0;0;0;0;-1;0.770419;0;-4.91462e-05;1.5e+06;0;0;0;0.637537;800000;
3.54e-10;181.879;0;0;0;0;-1;0.770377;0;-7.1322e-05;1.5e+06;0;0;0;0.637589;800000;
3.55e-10;181.881;0;0;0;0;-1;0.770345;0;-2.14773e-05;1.5e+06;0;0;0;0.637628;800000;
3.56e-10;181.881;0;0;0;0;-1;0.770355;0;4.78199e-05;1.5e+06;0;0;0;0.637615;800000;
3.57e-10;181.878;0;0;0;0;-1;0.770396;0;6.66764e-05;1.5e+06;0;0;0;0.637566;800000;
3.58e-10;181.877;0;0;0;0;-1;0.770425;0;1.82777e-05;1.5e+06;0;0;0;0.637531;800000;
3.59e-10;181.877;0;0;0;0;-1;0.770414;0;-4.64391e-05;1.5e+06;0;0;0;0.637544;800000;
3.6e-10;181.88;0;0;0;0;-1;0.770375;0;-6.22737e-05;1.5e+06;0;0;0;0.637591;800000;
3.61e-10;181.881;0;0;0;0;-1;0.770349;0;-1.53642e-05;1.5e+06;0;0;0;0.637623;800000;
3.62e-10;181.88;0;0;0;0;-1;0.77036;0;4.5016e-05;1.5e+06;0;0;0;0.637609;800000;
3.63e-10;181.878;0;0;0;0;-1;0.770397;0;5.81051e-05;1.5e+06;0;0;0;0.637565;800000;
3.64e-10;181.877;0;0;0;0;-1;0.770421;0;1.27167e-05;1.5e+06;0;0;0;0.637536;800000;
3.65e-10;181.877;0;0;0;0;-1;0.770409;0;-4.35616e-05;1.5e+06;0;0;0;0.63755;800000;
3.66e-10;181.88;0;0;0;0;-1;0.770375;0;-5.41618e-05;1.5e+06;0;0;0;0.637592;800000;
3.67e-10;181.881;0;0;0;0;-1;0.770352;0;-1.03165e-05;1.5e+06;0;0;0;0.637618;800000;
3.68e-10;181.88;0;0;0;0;-1;0.770364;0;4.20856e-05;1.5e+06;0;0;0;0.637604;800000;
3.69e-10;181.878;0;0;0;0;-1;0.770397;0;5.04351e-05;1.5e+06;0;0;0;0.637564;800000;
3.7e-10;181.877;0;0;0;0;-1;0.770417;0;8.14545e-06;1.5e+06;0;0;0;0.63754;800000;
3.71e-10;181.878;0;0;0;0;-1;0.770405;0;-4.05969e-05;1.5e+06;0;0;0;0.637555;800000;
3.72e-10;181.88;0;0;0;0;-1;0.770374;0;-4.69164e-05;1.5e+06;0;0;0;0.637592;800000;
3.73e-10;181.881;0;0;0;0;-1;0.770356;0;-6.18692e-06;1.5e+06;0;0;0;0.637614;800000;
3.74e-10;181.88;0;0;0;0;-1;0.770368;0;3.91034e-05;1.5e+06;0;0;0;0.637599;800000;
3.75e-10;181.878;0;0;0;0;-1;0.770397;0;4.35971e-05;1.5e+06;0;0;0;0.637564;800000;
3.76e-10;181.877;0;0;0;0;-1;0.770414;0;4.42506e-06;1.5e+06;0;0;0;0.637544;800000;
3.77e-10;181.878;0;0;0;0;-1;0.770402;0;-3.76119e-05;1.5e+06;0;0;0;0.637559;800000;
3.78e-10;181.88;0;0;0;0;-1;0.770374;0;-4.04687e-05;1.5e+06;0;0;0;0.637592;800000;
3.79e-10;181.881;0;0;0;0;-1;0.770359;0;-2.84504e-06;1.5e+06;0;0;0;0.63761;800000;
3.8e-10;181.88;0;0;0;0;-1;0.770372;0;3.61287e-05;1.5e+06;0;0;0;0.637595;800000;
3.81e-10;181.878;0;0;0;0;-1;0.770398;0;3.75228e-05;1.5e+06;0;0;0;0.637564;800000;
3.82e-10;181.877;0;0;0;0;-1;0.770411;0;1.43291e-06;1.5e+06;0;0;0;0.637548;800000;
3.83e-10;181.878;0;0;0;0;-1;0.770399;0;-3.46592e-05;1.5e+06;0;0;0;0.637563;800000;
3.84e-10;181.88;0;0;0;0;-1;0.770374;0;-3.47515e-05;1.5e+06;0;0;0;0.637592;800000;
3.85e-10;181.88;0;0;0;0;-1;0.770362;0;-1.75609e-07;1.5e+06;0;0;0;0.637607;800000;
3.86e-10;181.88;0;0;0;0;-1;0.770374;0;3.32081e-05;1.5e+06;0;0;0;0.637592;800000;
3.87e-10;181.878;0;0;0;0;-1;0.770397;0;3.21466e-05;1.5e+06;0;0;0;0.637564;800000;
3.88e-10;181.878;0;0;0;0;-1;0.770408;0;-9.39107e-07;1.5e+06;0;0;0;0.637551;800000;
3.89e-10;181.878;0;0;0;0;-1;0.770396;0;-3.17797e-05;1.5e+06;0;0;0;0.637566;800000;
3.9e-10;181.88;0;0;0;0;-1;0.770374;0;-2.97005e-05;1.5e+06;0;0;0;0.637592;800000;
3.91e-10;181.88;0;0;0;0;-1;0.770365;0;1.9227e-06;1.5e+06;0;0;0;0.637603;800000;
3.92e-10;181.879;0;0;0;0;-1;0.770377;0;3.03775e-05;1.5e+06;0;0;0;0.637589;800000;
3.93e-10;181.878;0;0;0;0;-1;0.770397;0;2.74055e-05;1.5e+06;0;0;0;0.637564;800000;
3.94e-10;181.878;0;0;0;0;-1;0.770405;0;-2.78589e-06;1.5e+06;0;0;0;0.637554;800000;
3.95e-10;181.878;0;0;0;0;-1;0.770394;0;-2.90044e-05;1.5e+06;0;0;0;0.637568;800000;
3.96e-10;181.88;0;0;0;0;-1;0.770375;0;-2.52543e-05;1.5e+06;0;0;0;0.637591;800000;
3.97e-10;181.88;0;0;0;0;-1;0.770367;0;3.53868e-06;1.5e+06;0;0;0;0.6376;800000;
3.98e-10;181.879;0;0;0;0;-1;0.770379;0;2.76632e-05;1.5e+06;0;0;0;0.637587;800000;
3.99e-10;181.878;0;0;0;0;-1;0.770397;0;2.32397e-05;1.5e+06;0;0;0;0.637565;800000;
4e-10;181.878;0;0;0;0;-1;0.770403;0;-4.19044e-06;1.5e+06;0;0;0;0.637557;800000;
4.01e-10;181.879;0;0;0;0;-1;0.770392;0;-2.63559e-05;1.5e+06;0;0;0;0.637571;800000;
4.02e-10;181.88;0;0;0;0;-1;0.770375;0;-2.13548e-05;1.5e+06;0;0;0;0.637591;800000;
4.03e-10;181.88;0;0;0;0;-1;0.77037;0;4.74987e-06;1.5e+06;0;0;0;0.637598;800000;
4.04e-10;181.879;0;0;0;0;-1;0.77038;0;2.50843e-05;1.5e+06;0;0;0;0.637584;800000;
4.05e-10;181.878;0;0;0;0;-1;0.770396;0;1.9593e-05;1.5e+06;0;0;0;0.637566;800000;
4.06e-10;181.878;0;0;0;0;-1;0.770401;0;-5.22509e-06;1.5e+06;0;0;0;0.63756;800000;
4.07e-10;181.879;0;0;0;0;-1;0.77039;0;-2.38497e-05;1.5e+06;0;0;0;0.637573;800000;
4.08e-10;181.88;0;0;0;0;-1;0.770376;0;-1.79478e-05;1.5e+06;0;0;0;0.63759;800000;
4.09e-10;181.88;0;0;0;0;-1;0.770372;0;5.62366e-06;1.5e+06;0;0;0;0.637595;800000;
4.1e-10;181.879;0;0;0;0;-1;0.770382;0;2.26534e-05;1.5e+06;0;0;0;0.637583;800000;
4.11e-10;181.878;0;0;0;0;-1;0.770396;0;1.64129e-05;1.5e+06;0;0;0;0.637566;800000;
4.12e-10;181.878;0;0;0;0;-1;0.770399;0;-5.95261e-06;1.5e+06;0;0;0;0.637562;800000;
4.13e-10;181.879;0;0;0;0;-1;0.770389;0;-2.1496e-05;1.5e+06;0;0;0;0.637574;800000;
4.14e-10;181.879;0;0;0;0;-1;0.770376;0;-1.49825e-05;1.5e+06;0;0;0;0.63759;800000;
4.15e-10;181.88;0;0;0;0;-1;0.770373;0;6.21845e-06;1.5e+06;0;0;0;0.637593;800000;
4.16e-10;181.879;0;0;0;0;-1;0.770383;0;2.03781e-05;1.5e+06;0;0;0;0.637581;800000;
4.17e-10;181.878;0;0;0;0;-1;0.770395;0;1.36507e-05;1.5e+06;0;0;0;0.637567;800000;
4.18e-10;181.878;0;0;0;0;-1;0.770397;0;-6.42724e-06;1.5e+06;0;0;0;0.637564;800000;
4.19e-10;181.879;0;0;0;0;-1;0.770388;0;-1.93e-05;1.5e+06;0;0;0;0.637575;800000;
4.2e-10;181.879;0;0;0;0;-1;0.770377;0;-1.2412e-05;1.5e+06;0;0;0;0.637589;800000;
4.21e-10;181.88;0;0;0;0;-1;0.770375;0;6.58458e-06;1.5e+06;0;0;0;0.637591;800000;
4.22e-10;181.879;0;0;0;0;-1;0.770384;0;1.82618e-05;1.5e+06;0;0;0;0.63758;800000;
4.23e-10;181.878;0;0;0;0;-1;0.770394;0;1.12611e-05;1.5e+06;0;0;0;0.637568;800000;
4.24e-10;181.878;0;0;0;0;-1;0.770396;0;-6.69567e-06;1.5e+06;0;0;0;0.637566;800000;
4.25e-10;181.879;0;0;0;0;-1;0.770387;0;-1.72634e-05;1.5e+06;0;0;0;0.637576;800000;
4.26e-10;181.879;0;0;0;0;-1;0.770377;0;-1.0193e-05;1.5e+06;0;0;0;0.637588;800000;
4.27e-10;181.879;0;0;0;0;-1;0.770377;0;6.7653e-06;1.5e+06;0;0;0;0.637589;800000;
4.28e-10;181.879;0;0;0;0;-1;0.770385;0;1.63046e-05;1.5e+06;0;0;0;0.637579;800000;
4.29e-10;181.878;0;0;0;0;-1;0.770394;0;9.20288e-06;1.5e+06;0;0;0;0.637568;800000;
4.3e-10;181.878;0;0;0;0;-1;0.770394;0;-6.79789e-06;1.5e+06;0;0;0;0.637568;800000;
4.31e-10;181.879;0;0;0;0;-1;0.770386;0;-1.5385e-05;1.5e+06;0;0;0;0.637577;800000;
4.32e-10;181.879;0;0;0;0;-1;0.770378;0;-8.28603e-06;1.5e+06;0;0;0;0.637587;800000;
4.33e-10;181.879;0;0;0;0;-1;0.770378;0;6.79753e-06;1.5e+06;0;0;0;0.637588;800000;
4.34e-10;181.879;0;0;0;0;-1;0.770385;0;1.45041e-05;1.5e+06;0;0;0;0.637578;800000;
4.35e-10;181.878;0;0;0;0;-1;0.770393;0;7.43808e-06;1.5e+06;0;0;0;0.637569;800000;
4.36e-10;181.878;0;0;0;0;-1;0.770393;0;-6.76797e-06;1.5e+06;0;0;0;0.637569;800000;
4.37e-10;181.879;0;0;0;0;-1;0.770386;0;-1.36612e-05;1.5e+06;0;0;0;0.637578;800000;
4.38e-10;181.879;0;0;0;0;-1;0.770379;0;-6.6548e-06;1.5e+06;0;0;0;0.637587;800000;
4.39e-10;181.879;0;0;0;0;-1;0.770379;0;6.71268e-06;1.5e+06;0;0;0;0.637586;800000;
4.4e-10;181.879;0;0;0;0;-1;0.770386;0;1.28556e-05;1.5e+06;0;0;0;0.637578;800000;
4.41e-10;181.878;0;0;0;0;-1;0.770392;0;5.9322e-06;1.5e+06;0;0;0;0.63757;800000;
4.42e-10;181.879;0;0;0;0;-1;0.770392;0;-6.63482e-06;1.5e+06;0;0;0;0.63757;800000;
4.43e-10;181.879;0;0;0;0;-1;0.770385;0;-1.20867e-05;1.5e+06;0;0;0;0.637579;800000;
4.44e-10;181.879;0;0;0;0;-1;0.770379;0;-5.26647e-06;1.5e+06;0;0;0;0.637586;800000;
4.45e-10;181.879;0;0;0;0;-1;0.77038;0;6.5373e-06;1.5e+06;0;0;0;0.637585;800000;
4.46e-10;181.879;0;0;0;0;-1;0.770386;0;1.13533e-05;1.5e+06;0;0;0;0.637577;800000;
4.47e-10;181.879;0;0;0;0;-1;0.770392;0;4.65399e-06;1.5e+06;0;0;0;0.637571;800000;
4.48e-10;181.879;0;0;0;0;-1;0.770391;0;-6.42278e-06;1.5e+06;0;0;0;0.637572;800000;
4.49e-10;181.879;0;0;0;0;-1;0.770385;0;-1.06548e-05;1.5e+06;0;0;0;0.637579;800000;
4.5e-10;181.879;0;0;0;0;-1;0.77038;0;-4.09131e-06;1.5e+06;0;0;0;0.637585;800000;
4.51e-10;181.879;0;0;0;0;-1;0.770381;0;6.2937e-06;1.5e+06;0;0;0;0.637584;800000;
4.52e-10;181.879;0;0;0;0;-1;0.770387;0;9.99008e-06;1.5e+06;0;0;0;0.637577;800000;
4.53e-10;181.879;0;0;0;0;-1;0.770391;0;3.57519e-06;1.5e+06;0;0;0;0.637571;800000;
4.54e-10;181.879;0;0;0;0;-1;0.77039;0;-6.15226e-06;1.5e+06;0;0;0;0.637573;800000;
4.55e-10;181.879;0;0;0;0;-1;0.770385;0;-9.35817e-06;1.5e+06;0;0;0;0.637579;800000;
4.56e-10;181.879;0;0;0;0;-1;0.77038;0;-3.10254e-06;1.5e+06;0;0;0;0.637584;800000;
4.57e-10;181.879;0;0;0;0;-1;0.770382;0;6.00049e-06;1.5e+06;0;0;0;0.637583;800000;
4.58e-10;181.879;0;0;0;0;-1;0.770387;0;8.75806e-06;1.5e+06;0;0;0;0.637577;800000;
4.59e-10;181.879;0;0;0;0;-1;0.770391;0;2.67042e-06;1.5e+06;0;0;0;0.637572;800000;
4.6e-10;181.879;0;0;0;0;-1;0.77039;0;-5.84022e-06;1.5e+06;0;0;0;0.637573;800000;
4.61e-10;181.879;0;0;0;0;-1;0.770385;0;-8.1887e-06;1.5e+06;0;0;0;0.637579;800000;
4.62e-10;181.879;0;0;0;0;-1;0.770381;0;-2.27609e-06;1.5e+06;0;0;0;0.637584;800000;
4.63e-10;181.879;0;0;0;0;-1;0.770382;0;5.6731e-06;1.5e+06;0;0;0;0.637582;800000;
4.64e-10;181.879;0;0;0;0;-1;0.770387;0;7.64902e-06;1.5e+06;0;0;0;0.637577;800000;
4.65e-10;181.879;0;0;0;0;-1;0.77039;0;1.91692e-06;1.5e+06;0;0;0;0.637573;800000;
4.66e-10;181.879;0;0;0;0;-1;0.770389;0;-5.50063e-06;1.5e+06;0;0;0;0.637574;800000;
4.67e-10;181.879;0;0;0;0;-1;0.770384;0;-7.13798e-06;1.5e+06;0;0;0;0.63758;800000;
4.68e-10;181.879;0;0;0;0;-1;0.770381;0;-1.59046e-06;1.5e+06;0;0;0;0.637583;800000;
4.69e-10;181.879;0;0;0;0;-1;0.770383;0;5.32417e-06;1.5e+06;0;0;0;0.637582;800000;
4.7e-10;181.879;0;0;0;0;-1;0.770387;0;6.6545e-06;1.5e+06;0;0;0;0.637576;800000;
4.71e-10;181.879;0;0;0;0;-1;0.77039;0;1.29437e-06;1.5e+06;0;0;0;0.637573;800000;
4.72e-10;181.879;0;0;0;0;-1;0.770388;0;-5.14493e-06;1.5e+06;0;0;0;0.637575;800000;
4.73e-10;181.879;0;0;0;0;-1;0.770384;0;-6.19752e-06;1.5e+06;0;0;0;0.63758;800000;
4.74e-10;181.879;0;0;0;0;-1;0.770382;0;-1.02647e-06;1.5e+06;0;0;0;0.637583;800000;
4.75e-10;181.879;0;0;0;0;-1;0.770383;0;4.96399e-06;1.5e+06;0;0;0;0.637581;800000;
4.76e-10;181.879;0;0;0;0;-1;0.770387;0;5.76599e-06;1.5e+06;0;0;0;0.637576;800000;
4.77e-10;181.879;0;0;0;0;-1;0.770389;0;7.84703e-07;1.5e+06;0;0;0;0.637574;800000;
4.78e-10;181.879;0;0;0;0;-1;0.770388;0;-4.78233e-06;1.5e+06;0;0;0;0.637575;800000;
4.79e-10;181.879;0;0;0;0;-1;0.770384;0;-5.35885e-06;1.5e+06;0;0;0;0.63758;800000;
4.8e-10;181.879;0;0;0;0;-1;0.770382;0;-5.67121e-07;1.5e+06;0;0;0;0.637582;800000;
4.81e-10;181.879;0;0;0;0;-1;0.770384;0;4.60082e-06;1.5e+06;0;0;0;0.63758;800000;
4.82e-10;181.879;0;0;0;0;-1;0.770387;0;4.97508e-06;1.5e+06;0;0;0;0.637576;800000;
4.83e-10;181.879;0;0;0;0;-1;0.770389;0;3.71906e-07;1.5e+06;0;0;0;0.637574;800000;
4.84e-10;181.879;0;0;0;0;-1;0.770388;0;-4.42021e-06;1.5e+06;0;0;0;0.637576;800000;
4.85e-10;181.879;0;0;0;0;-1;0.770384;0;-4.61367e-06;1.5e+06;0;0;0;0.63758;800000;
4.86e-10;181.879;0;0;0;0;-1;0.770383;0;-1.97347e-07;1.5e+06;0;0;0;0.637582;800000;
4.87e-10;181.879;0;0;0;0;-1;0.770384;0;4.24118e-06;1.5e+06;0;0;0;0.63758;800000;
4.88e-10;181.879;0;0;0;0;-1;0.770387;0;4.27362e-06;1.5e+06;0;0;0;0.637576;800000;
4.89e-10;181.879;0;0;0;0;-1;0.770389;0;4.18406e-08;1.5e+06;0;0;0;0.637575;800000;
4.9e-10;181.879;0;0;0;0;-1;0.770387;0;-4.06432e-06;1.5e+06;0;0;0;0.637576;800000;
4.91e-10;181.879;0;0;0;0;-1;0.770384;0;-3.95395e-06;1.5e+06;0;0;0;0.63758;800000;
4.92e-10;181.879;0;0;0;0;-1;0.770383;0;9.61175e-08;1.5e+06;0;0;0;0.637581;800000;
4.93e-10;181.879;0;0;0;0;-1;0.770385;0;3.89015e-06;1.5e+06;0;0;0;0.63758;800000;
4.94e-10;181.879;0;0;0;0;-1;0.770387;0;3.65373e-06;1.5e+06;0;0;0;0.637576;800000;
4.95e-10;181.879;0;0;0;0;-1;0.770388;0;-2.17934e-07;1.5e+06;0;0;0;0.637575;800000;
4.96e-10;181.879;0;0;0;0;-1;0.770387;0;-3.7191e-06;1.5e+06;0;0;0;0.637577;800000;
4.97e-10;181.879;0;0;0;0;-1;0.770384;0;-3.37201e-06;1.5e+06;0;0;0;0.63758;800000;
4.98e-10;181.879;0;0;0;0;-1;0.770383;0;3.24926e-07;1.5e+06;0;0;0;0.637581;800000;
4.99e-10;181.879;0;0;0;0;-1;0.770385;0;3.55156e-06;1.5e+06;0;0;0;0.637579;800000;
5e-10;181.879;0;0;0;0;-1;0.770387;0;3.10792e-06;1.5e+06;0;0;0;0.637576;800000;
5.01e-10;181.879;0;0;0;0;-1;0.770388;0;-4.18322e-07;1.5e+06;0;0;0;0.637575;800000;
5.02e-10;181.879;0;0;0;0;-1;0.770387;0;-3.38784e-06;1.5e+06;0;0;0;0.637577;800000;
5.03e-10;181.879;0;0;0;0;-1;0.770384;0;-2.86056e-06;1.5e+06;0;0;0;0.63758;800000;
5.04e-10;181.879;0;0;0;0;-1;0.770384;0;4.99271e-07;1.5e+06;0;0;0;0.637581;800000;
5.05e-10;181.879;0;0;0;0;-1;0.770385;0;3.22822e-06;1.5e+06;0;0;0;0.637579;800000;
5.06e-10;181.879;0;0;0;0;-1;0.770387;0;2.6291e-06;1.5e+06;0;0;0;0.637576;800000;
5.07e-10;181.879;0;0;0;0;-1;0.770388;0;-5.68845e-07;1.5e+06;0;0;0;0.637576;800000;
5.08e-10;181.879;0;0;0;0;-1;0.770386;0;-3.07291e-06;1.5e+06;0;0;0;0.637577;800000;
5.09e-10;181.879;0;0;0;0;-1;0.770384;0;-2.41272e-06;1.5e+06;0;0;0;0.63758;800000;
5.1e-10;181.879;0;0;0;0;-1;0.770384;0;6.2804e-07;1.5e+06;0;0;0;0.63758;800000;
5.11e-10;181.879;0;0;0;0;-1;0.770385;0;2.92209e-06;1.5e+06;0;0;0;0.637579;800000;
5.12e-10;181.879;0;0;0;0;-1;0.770387;0;2.21064e-06;1.5e+06;0;0;0;0.637577;800000;
5.13e-10;181.879;0;0;0;0;-1;0.770387;0;-6.77785e-07;1.5e+06;0;0;0;0.637576;800000;
5.14e-10;181.879;0;0;0;0;-1;0.770386;0;-2.77589e-06;1.5e+06;0;0;0;0.637577;800000;
5.15e-10;181.879;0;0;0;0;-1;0.770385;0;-2.02208e-06;1.5e+06;0;0;0;0.63758;800000;
5.16e-10;181.879;0;0;0;0;-1;0.770384;0;7.18944e-07;1.5e+06;0;0;0;0.63758;800000;
5.17e-10;181.879;0;0;0;0;-1;0.770385;0;2.63443e-06;1.5e+06;0;0;0;0.637579;800000;
5.18e-10;181.879;0;0;0;0;-1;0.770387;0;1.84633e-06;1.5e+06;0;0;0;0.637577;800000;
5.19e-10;181.879;0;0;0;0;-1;0.770387;0;-7.52319e-07;1.5e+06;0;0;0;0.637576;800000;
5.2e-10;181.879;0;0;0;0;-1;0.770386;0;-2.49776e-06;1.5e+06;0;0;0;0.637578;800000;
5.21e-10;181.879;0;0;0;0;-1;0.770385;0;-1.68267e-06;1.5e+06;0;0;0;0.637579;800000;
5.22e-10;181.879;0;0;0;0;-1;0.770384;0;7.78653e-07;1.5e+06;0;0;0;0.63758;800000;
5.23e-10;181.879;0;0;0;0;-1;0.770385;0;2.36594e-06;1.5e+06;0;0;0;0.637578;800000;
5.24e-10;181.879;0;0;0;0;-1;0.770387;0;1.53043e-06;1.5e+06;0;0;0;0.637577;800000;
5.25e-10;181.879;0;0;0;0;-1;0.770387;0;-7.98636e-07;1.5e+06;0;0;0;0.637576;800000;
5.26e-10;181.879;0;0;0;0;-1;0.770386;0;-2.23896e-06;1.5e+06;0;0;0;0.637578;800000;
5.27e-10;181.879;0;0;0;0;-1;0.770385;0;-1.38897e-06;1.5e+06;0;0;0;0.637579;800000;
5.28e-10;181.879;0;0;0;0;-1;0.770385;0;8.12906e-07;1.5e+06;0;0;0;0.63758;800000;
5.29e-10;181.879;0;0;0;0;-1;0.770386;0;2.11683e-06;1.5e+06;0;0;0;0.637578;800000;
5.3e-10;181.879;0;0;0;0;-1;0.770387;0;1.25766e-06;1.5e+06;0;0;0;0.637577;800000;
5.31e-10;181.879;0;0;0;0;-1;0.770387;0;-8.22053e-07;1.5e+06;0;0;0;0.637577;800000;
5.32e-10;181.879;0;0;0;0;-1;0.770386;0;-1.99953e-06;1.5e+06;0;0;0;0.637578;800000;
5.33e-10;181.879;0;0;0;0;-1;0.770385;0;-1.13591e-06;1.5e+06;0;0;0;0.637579;800000;
5.34e-10;181.879;0;0;0;0;-1;0.770385;0;8.26622e-07;1.5e+06;0;0;0;0.637579;800000;
5.35e-10;181.879;0;0;0;0;-1;0.770386;0;1.88699e-06;1.5e+06;0;0;0;0.637578;800000;
5.36e-10;181.879;0;0;0;0;-1;0.770387;0;1.02316e-06;1.5e+06;0;0;0;0.637577;800000;
5.37e-10;181.879;0;0;0;0;-1;0.770387;0;-8.27115e-07;1.5e+06;0;0;0;0.637577;800000;
5.38e-10;181.879;0;0;0;0;-1;0.770386;0;-1.77917e-06;1.5e+06;0;0;0;0.637578;800000;
5.39e-10;181.879;0;0;0;0;-1;0.770385;0;-9.18857e-07;1.5e+06;0;0;0;0.637579;800000;
5.4e-10;181.879;0;0;0;0;-1;0.770385;0;8.23994e-07;1.5e+06;0;0;0;0.637579;800000;
5.41e-10;181.879;0;0;0;0;-1;0.770386;0;1.67599e-06;1.5e+06;0;0;0;0.637578;800000;
5.42e-10;181.879;0;0;0;0;-1;0.770387;0;8.22497e-07;1.5e+06;0;0;0;0.637577;800000;
5.43e-10;181.879;0;0;0;0;-1;0.770387;0;-8.17685e-07;1.5e+06;0;0;0;0.637577;800000;
5.44e-10;181.879;0;0;0;0;-1;0.770386;0;-1.57737e-06;1.5e+06;0;0;0;0.637578;800000;
5.45e-10;181.879;0;0;0;0;-1;0.770385;0;-7.33584e-07;1.5e+06;0;0;0;0.637579;800000;
5.46e-10;181.879;0;0;0;0;-1;0.770385;0;8.08579e-07;1.5e+06;0;0;0;0.637579;800000;
5.47e-10;181.879;0;0;0;0;-1;0.770386;0;1.4832e-06;1.5e+06;0;0;0;0.637578;800000;
5.48e-10;181.879;0;0;0;0;-1;0.770387;0;6.51654e-07;1.5e+06;0;0;0;0.637577;800000;
5.49e-10;181.879;0;0;0;0;-1;0.770386;0;-7.97033e-07;1.5e+06;0;0;0;0.637577;800000;
5.5e-10;181.879;0;0;0;0;-1;0.770386;0;-1.39339e-06;1.5e+06;0;0;0;0.637578;800000;
5.51e-10;181.879;0;0;0;0;-1;0.770385;0;-5.76261e-07;1.5e+06;0;0;0;0.637579;800000;
5.52e-10;181.879;0;0;0;0;-1;0.770385;0;7.83376e-07;1.5e+06;0;0;0;0.637579;800000;
5.53e-10;181.879;0;0;0;0;-1;0.770386;0;1.30783e-06;1.5e+06;0;0;0;0.637578;800000;
5.54e-10;181.879;0;0;0;0;-1;0.770386;0;5.06985e-07;1.5e+06;0;0;0;0.637577;800000;
5.55e-10;181.879;0;0;0;0;-1;0.770386;0;-7.67906e-07;1.5e+06;0;0;0;0.637577;800000;
5.56e-10;181.879;0;0;0;0;-1;0.770386;0;-1.2264e-06;1.5e+06;0;0;0;0.637578;800000;
5.57e-10;181.879;0;0;0;0;-1;0.770385;0;-4.43426e-07;1.5e+06;0;0;0;0.637579;800000;
5.58e-10;181.879;0;0;0;0;-1;0.770385;0;7.50898e-07;1.5e+06;0;0;0;0.637579;800000;
5.59e-10;181.879;0;0;0;0;-1;0.770386;0;1.14897e-06;1.5e+06;0;0;0;0.637578;800000;
5.6e-10;181.879;0;0;0;0;-1;0.770386;0;3.85207e-07;1.5e+06;0;0;0;0.637577;800000;
5.61e-10;181.879;0;0;0;0;-1;0.770386;0;-7.32599e-07;1.5e+06;0;0;0;0.637577;800000;
5.62e-10;181.879;0;0;0;0;-1;0.770386;0;-1.07543e-06;1.5e+06;0;0;0;0.637578;800000;
5.63e-10;181.879;0;0;0;0;-1;0.770385;0;-3.31968e-07;1.5e+06;0;0;0;0.637579;800000;
5.64e-10;181.879;0;0;0;0;-1;0.770385;0;7.13235e-07;1.5e+06;0;0;0;0.637579;800000;
5.65e-10;181.879;0;0;0;0;-1;0.770386;0;1.00565e-06;1.5e+06;0;0;0;0.637578;800000;
5.66e-10;181.879;0;0;0;0;-1;0.770386;0;2.83371e-07;1.5e+06;0;0;0;0.637577;800000;
5.67e-10;181.879;0;0;0;0;-1;0.770386;0;-6.93012e-07;1.5e+06;0;0;0;0.637578;800000;
5.68e-10;181.879;0;0;0;0;-1;0.770386;0;-9.39505e-07;1.5e+06;0;0;0;0.637578;800000;
5.69e-10;181.879;0;0;0;0;-1;0.770385;0;-2.39095e-07;1.5e+06;0;0;0;0.637579;800000;
5.7e-10;181.879;0;0;0;0;-1;0.770385;0;6.72114e-07;1.5e+06;0;0;0;0.637579;800000;
5.71e-10;181.879;0;0;0;0;-1;0.770386;0;8.76856e-07;1.5e+06;0;0;0;0.637578;800000;
5.72e-10;181.879;0;0;0;0;-1;0.770386;0;1.98839e-07;1.5e+06;0;0;0;0.637577;800000;
5.73e-10;181.879;0;0;0;0;-1;0.770386;0;-6.50707e-07;1.5e+06;0;0;0;0.637578;800000;
5.74e-10;181.879;0;0;0;0;-1;0.770386;0;-8.17579e-07;1.5e+06;0;0;0;0.637578;800000;
5.75e-10;181.879;0;0;0;0;-1;0.770385;0;-1.62317e-07;1.5e+06;0;0;0;0.637579;800000;
5.76e-10;181.879;0;0;0;0;-1;0.770385;0;6.28943e-07;1.5e+06;0;0;0;0.637578;800000;
5.77e-10;181.879;0;0;0;0;-1;0.770386;0;7.61543e-07;1.5e+06;0;0;0;0.637578;800000;
5.78e-10;181.879;0;0;0;0;-1;0.770386;0;1.29261e-07;1.5e+06;0;0;0;0.637577;800000;
5.79e-10;181.879;0;0;0;0;-1;0.770386;0;-6.06954e-07;1.5e+06;0;0;0;0.637578;800000;
5.8e-10;181.879;0;0;0;0;-1;0.770386;0;-7.0862e-07;1.5e+06;0;0;0;0.637578;800000;
5.81e-10;181.879;0;0;0;0;-1;0.770385;0;-9.94178e-08;1.5e+06;0;0;0;0.637579;800000;
5.82e-10;181.879;0;0;0;0;-1;0.770385;0;5.84862e-07;1.5e+06;0;0;0;0.637578;800000;
5.83e-10;181.879;0;0;0;0;-1;0.770386;0;6.58683e-07;1.5e+06;0;0;0;0.637578;800000;
5.84e-10;181.879;0;0;0;0;-1;0.770386;0;7.25491e-08;1.5e+06;0;0;0;0.637578;800000;
5.85e-10;181.879;0;0;0;0;-1;0.770386;0;-5.62774e-07;1.5e+06;0;0;0;0.637578;800000;
5.86e-10;181.879;0;0;0;0;-1;0.770386;0;-6.11607e-07;1.5e+06;0;0;0;0.637578;800000;
5.87e-10;181.879;0;0;0;0;-1;0.770385;0;-4.84315e-08;1.5e+06;0;0;0;0.637579;800000;
5.88e-10;181.879;0;0;0;0;-1;0.770386;0;5.40783e-07;1.5e+06;0;0;0;0.637578;800000;
5.89e-10;181.879;0;0;0;0;-1;0.770386;0;5.67267e-07;1.5e+06;0;0;0;0.637578;800000;
5.9e-10;181.879;0;0;0;0;-1;0.770386;0;2.68552e-08;1.5e+06;0;0;0;0.637578;800000;
5.91e-10;181.879;0;0;0;0;-1;0.770386;0;-5.18974e-07;1.5e+06;0;0;0;0.637578;800000;
5.92e-10;181.879;0;0;0;0;-1;0.770386;0;-5.25542e-07;1.5e+06;0;0;0;0.637578;800000;
5.93e-10;181.879;0;0;0;0;-1;0.770385;0;-7.62321e-09;1.5e+06;0;0;0;0.637578;800000;
5.94e-10;181.879;0;0;0;0;-1;0.770386;0;4.97418e-07;1.5e+06;0;0;0;0.637578;800000;
5.95e-10;181.879;0;0;0;0;-1;0.770386;0;4.86314e-07;1.5e+06;0;0;0;0.637578;800000;
5.96e-10;181.879;0;0;0;0;-1;0.770386;0;-9.44898e-09;1.5e+06;0;0;0;0.637578;800000;
5.97e-10;181.879;0;0;0;0;-1;0.770386;0;-4.76181e-07;1.5e+06;0;0;0;0.637578;800000;
5.98e-10;181.879;0;0;0;0;-1;0.770386;0;-4.49466e-07;1.5e+06;0;0;0;0.637578;800000;
5.99e-10;181.879;0;0;0;0;-1;0.770385;0;2.45342e-08;1.5e+06;0;0;0;0.637578;800000;
6e-10;181.879;0;0;0;0;-1;0.770386;0;4.55318e-07;1.5e+06;0;0;0;0.637578;800000;
6.01e-10;181.879;0;0;0;0;-1;0.770386;0;4.14887e-07;1.5e+06;0;0;0;0.637578;800000;
6.02e-10;181.879;0;0;0;0;-1;0.770386;0;-3.77941e-08;1.5e+06;0;0;0;0.637578;800000;
6.03e-10;181.879;0;0;0;0;-1;0.770386;0;-4.34874e-07;1.5e+06;0;0;0;0.637578;800000;
6.04e-10;181.879;0;0;0;0;-1;0.770386;0;-3.82465e-07;1.5e+06;0;0;0;0.637578;800000;
6.05e-10;181.879;0;0;0;0;-1;0.770385;0;4.93797e-08;1.5e+06;0;0;0;0.637578;800000;
6.06e-10;181.879;0;0;0;0;-1;0.770386;0;4.14891e-07;1.5e+06;0;0;0;0.637578;800000;
6.07e-10;181.879;0;0;0;0;-1;0.770386;0;3.52095e-07;1.5e+06;0;0;0;0.637578;800000;
6.08e-10;181.879;0;0;0;0;-1;0.770386;0;-5.94322e-08;1.5e+06;0;0;0;0.637578;800000;
6.09e-10;181.879;0;0;0;0;-1;0.770386;0;-3.95402e-07;1.5e+06;0;0;0;0.637578;800000;
6.1e-10;181.879;0;0;0;0;-1;0.770386;0;-3.23673e-07;1.5e+06;0;0;0;0.637578;800000;
6.11e-10;181.879;0;0;0;0;-1;0.770386;0;6.8083e-08;1.5e+06;0;0;0;0.637578;800000;
6.12e-10;181.879;0;0;0;0;-1;0.770386;0;3.76434e-07;1.5e+06;0;0;0;0.637578;800000;
6.13e-10;181.879;0;0;0;0;-1;0.770386;0;2.97099e-07;1.5e+06;0;0;0;0.637578;800000;
6.14e-10;181.879;0;0;0;0;-1;0.770386;0;-7.54547e-08;1.5e+06;0;0;0;0.637578;800000;
6.15e-10;181.879;0;0;0;0;-1;0.770386;0;-3.58009e-07;1.5e+06;0;0;0;0.637578;800000;
6.16e-10;181.879;0;0;0;0;-1;0.770386;0;-2.72276e-07;1.5e+06;0;0;0;0.637578;800000;
6.17e-10;181.879;0;0;0;0;-1;0.770386;0;8.16615e-08;1.5e+06;0;0;0;0.637578;800000;
6.18e-10;181.879;0;0;0;0;-1;0.770386;0;3.40146e-07;1.5e+06;0;0;0;0.637578;800000;
6.19e-10;181.879;0;0;0;0;-1;0.770386;0;2.49113e-07;1.5e+06;0;0;0;0.637578;800000;
6.2e-10;181.879;0;0;0;0;-1;0.770386;0;-8.68095e-08;1.5e+06;0;0;0;0.637578;800000;
6.21e-10;181.879;0;0;0;0;-1;0.770386;0;-3.22856e-07;1.5e+06;0;0;0;0.637578;800000;
6.22e-10;181.879;0;0;0;0;-1;0.770386;0;-2.27519e-07;1.5e+06;0;0;0;0.637578;800000;
6.23e-10;181.879;0;0;0;0;-1;0.770386;0;9.09972e-08;1.5e+06;0;0;0;0.637578;800000;
6.24e-10;181.879;0;0;0;0;-1;0.770386;0;3.06148e-07;1.5e+06;0;0;0;0.637578;800000;
6.25e-10;181.879;0;0;0;0;-1;0.770386;0;2.07409e-07;1.5e+06;0;0;0;0.637578;800000;
6.26e-10;181.879;0;0;0;0;-1;0.770386;0;-9.43161e-08;1.5e+06;0;0;0;0.637578;800000;
6.27e-10;181.879;0;0;0;0;-1;0.770386;0;-2.90029e-07;1.5e+06;0;0;0;0.637578;800000;
6.28e-10;181.879;0;0;0;0;-1;0.770386;0;-1.88699e-07;1.5e+06;0;0;0;0.637578;800000;
6.29e-10;181.879;0;0;0;0;-1;0.770386;0;9.6851e-08;1.5e+06;0;0;0;0.637578;800000;
6.3e-10;181.879;0;0;0;0;-1;0.770386;0;2.745e-07;1.5e+06;0;0;0;0.637578;800000;
6.31e-10;181.879;0;0;0;0;-1;0.770386;0;1.7131e-07;1.5e+06;0;0;0;0.637578;800000;
6.32e-10;181.879;0;0;0;0;-1;0.770386;0;-9.86804e-08;1.5e+06;0;0;0;0.637578;800000;
6.33e-10;181.879;0;0;0;0;-1;0.770386;0;-2.59561e-07;1.5e+06;0;0;0;0.637578;800000;
6.34e-10;181.879;0;0;0;0;-1;0.770386;0;-1.55167e-07;1.5e+06;0;0;0;0.637578;800000;
6.35e-10;181.879;0;0;0;0;-1;0.770386;0;9.98768e-08;1.5e+06;0;0;0;0.637578;800000;
6.36e-10;181.879;0;0;0;0;-1;0.770386;0;2.45208e-07;1.5e+06;0;0;0;0.637578;800000;
6.37e-10;181.879;0;0;0;0;-1;0.770386;0;1.40198e-07;1.5e+06;0;0;0;0.637578;800000;
6.38e-10;181.879;0;0;0;0;-1;0.770386;0;-1.00507e-07;1.5e+06;0;0;0;0.637578;800000;
6.39e-10;181.879;0;0;0;0;-1;0.770386;0;-2.31438e-07;1.5e+06;0;0;0;0.637578;800000;
6.4e-10;181.879;0;0;0;0;-1;0.770386;0;-1.26332e-07;1.5e+06;0;0;0;0.637578;800000;
6.41e-10;181.879;0;0;0;0;-1;0.770386;0;1.00634e-07;1.5e+06;0;0;0;0.637578;800000;
6.42e-10;181.879;0;0;0;0;-1;0.770386;0;2.18241e-07;1.5e+06;0;0;0;0.637578;800000;
6.43e-10;181.879;0;0;0;0;-1;0.770386;0;1.13503e-07;1.5e+06;0;0;0;0.637578;800000;
6.44e-10;181.879;0;0;0;0;-1;0.770386;0;-1.00313e-07;1.5e+06;0;0;0;0.637578;800000;
6.45e-10;181.879;0;0;0;0;-1;0.770386;0;-2.05611e-07;1.5e+06;0;0;0;0.637578;800000;
6.46e-10;181.879;0;0;0;0;-1;0.770386;0;-1.01649e-07;1.5e+06;0;0;0;0.637578;800000;
6.47e-10;181.879;0;0;0;0;-1;0.770386;0;9.9597e-08;1.5e+06;0;0;0;0.637578;800000;
6.48e-10;181.879;0;0;0;0;-1;0.770386;0;1.93536e-07;1.5e+06;0;0;0;0.637578;800000;
6.49e-10;181.879;0;0;0;0;-1;0.770386;0;9.07088e-08;1.5e+06;0;0;0;0.637578;800000;
6.5e-10;181.879;0;0;0;0;-1;0.770386;0;-9.85345e-08;1.5e+06;0;0;0;0.637578;800000;
6.51e-10;181.879;0;0;0;0;-1;0.770386;0;-1.82006e-07;1.5e+06;0;0;0;0.637578;800000;
6.52e-10;181.879;0;0;0;0;-1;0.770386;0;-8.06259e-08;1.5e+06;0;0;0;0.637578;800000;
6.53e-10;181.879;0;0;0;0;-1;0.770386;0;9.71693e-08;1.5e+06;0;0;0;0.637578;800000;
6.54e-10;181.879;0;0;0;0;-1;0.770386;0;1.71007e-07;1.5e+06;0;0;0;0.637578;800000;
6.55e-10;181.879;0;0;0;0;-1;0.770386;0;7.13458e-08;1.5e+06;0;0;0;0.637578;800000;
6.56e-10;181.879;0;0;0;0;-1;0.770386;0;-9.55419e-08;1.5e+06;0;0;0;0.637578;800000;
6.57e-10;181.879;0;0;0;0;-1;0.770386;0;-1.60527e-07;1.5e+06;0;0;0;0.637578;800000;
6.58e-10;181.879;0;0;0;0;-1;0.770386;0;-6.28169e-08;1.5e+06;0;0;0;0.637578;800000;
6.59e-10;181.879;0;0;0;0;-1;0.770386;0;9.36891e-08;1.5e+06;0;0;0;0.637578;800000;
6.6e-10;181.879;0;0;0;0;-1;0.770386;0;1.50551e-07;1.5e+06;0;0;0;0.637578;800000;
6.61e-10;181.879;0;0;0;0;-1;0.770386;0;5.49901e-08;1.5e+06;0;0;0;0.637578;800000;
6.62e-10;181.879;0;0;0;0;-1;0.770386;0;-9.16446e-08;1.5e+06;0;0;0;0.637578;800000;
6.63e-10;181.879;0;0;0;0;-1;0.770386;0;-1.41065e-07;1.5e+06;0;0;0;0.637578;800000;
6.64e-10;181.879;0;0;0;0;-1;0.770386;0;-4.78191e-08;1.5e+06;0;0;0;0.637578;800000;
6.65e-10;181.879;0;0;0;0;-1;0.770386;0;8.94391e-08;1.5e+06;0;0;0;0.637578;800000;
6.66e-10;181.879;0;0;0;0;-1;0.770386;0;1.32054e-07;1.5e+06;0;0;0;0.637578;800000;
6.67e-10;181.879;0;0;0;0;-1;0.770386;0;4.126e-08;1.5e+06;0;0;0;0.637578;800000;
6.68e-10;181.879;0;0;0;0;-1;0.770386;0;-8.71003e-08;1.5e+06;0;0;0;0.637578;800000;
6.69e-10;181.879;0;0;0;0;-1;0.770386;0;-1.23502e-07;1.5e+06;0;0;0;0.637578;800000;
6.7e-10;181.879;0;0;0;0;-1;0.770386;0;-3.52713e-08;1.5e+06;0;0;0;0.637578;800000;
6.71e-10;181.879;0;0;0;0;-1;0.770386;0;8.46536e-08;1.5e+06;0;0;0;0.637578;800000;
6.72e-10;181.879;0;0;0;0;-1;0.770386;0;1.15394e-07;1.5e+06;0;0;0;0.637578;800000;
6.73e-10;181.879;0;0;0;0;-1;0.770386;0;2.98136e-08;1.5e+06;0;0;0;0.637578;800000;
6.74e-10;181.879;0;0;0;0;-1;0.770386;0;-8.21217e-08;1.5e+06;0;0;0;0.637578;800000;
6.75e-10;181.879;0;0;0;0;-1;0.770386;0;-1.07714e-07;1.5e+06;0;0;0;0.637578;800000;
6.76e-10;181.879;0;0;0;0;-1;0.770386;0;-2.48498e-08;1.5e+06;0;0;0;0.637578;800000;
6.77e-10;181.879;0;0;0;0;-1;0.770386;0;7.95253e-08;1.5e+06;0;0;0;0.637578;800000;
6.78e-10;181.879;0;0;0;0;-1;0.770386;0;1.00446e-07;1.5e+06;0;0;0;0.637578;800000;
6.79e-10;181.879;0;0;0;0;-1;0.770386;0;2.03451e-08;1.5e+06;0;0;0;0.637578;800000;
6.8e-10;181.879;0;0;0;0;-1;0.770386;0;-7.68828e-08;1.5e+06;0;0;0;0.637578;800000;
6.81e-10;181.879;0;0;0;0;-1;0.770386;0;-9.35754e-08;1.5e+06;0;0;0;0.637578;800000;
6.82e-10;181.879;0;0;0;0;-1;0.770386;0;-1.62665e-08;1.5e+06;0;0;0;0.637578;800000;
6.83e-10;181.879;0;0;0;0;-1;0.770386;0;7.4211e-08;1.5e+06;0;0;0;0.637578;800000;
6.84e-10;181.879;0;0;0;0;-1;0.770386;0;8.70852e-08;1.5e+06;0;0;0;0.637578;800000;
6.85e-10;181.879;0;0;0;0;-1;0.770386;0;1.25829e-08;1.5e+06;0;0;0;0.637578;800000;
6.86e-10;181.879;0;0;0;0;-1;0.770386;0;-7.15246e-08;1.5e+06;0;0;0;0.637578;800000;
6.87e-10;181.879;0;0;0;0;-1;0.770386;0;-8.09603e-08;1.5e+06;0;0;0;0.637578;800000;
6.88e-10;181.879;0;0;0;0;-1;0.770386;0;-9.26513e-09;1.5e+06;0;0;0;0.637578;800000;
6.89e-10;181.879;0;0;0;0;-1;0.770386;0;6.88368e-08;1.5e+06;0;0;0;0.637578;800000;
6.9e-10;181.879;0;0;0;0;-1;0.770386;0;7.51856e-08;1.5e+06;0;0;0;0.637578;800000;
6.91e-10;181.879;0;0;0;0;-1;0.770386;0;6.28575e-09;1.5e+06;0;0;0;0.637578;800000;
6.92e-10;181.879;0;0;0;0;-1;0.770386;0;-6.61594e-08;1.5e+06;0;0;0;0.637578;800000;
6.93e-10;181.879;0;0;0;0;-1;0.770386;0;-6.97458e-08;1.5e+06;0;0;0;0.637578;800000;
6.94e-10;181.879;0;0;0;0;-1;0.770386;0;-3.61901e-09;1.5e+06;0;0;0;0.637578;800000;
6.95e-10;181.879;0;0;0;0;-1;0.770386;0;6.35027e-08;1.5e+06;0;0;0;0.637578;800000;
6.96e-10;181.879;0;0;0;0;-1;0.770386;0;6.46263e-08;1.5e+06;0;0;0;0.637578;800000;
6.97e-10;181.879;0;0;0;0;-1;0.770386;0;1.24073e-09;1.5e+06;0;0;0;0.637578;800000;
6.98e-10;181.879;0;0;0;0;-1;0.770386;0;-6.08758e-08;1.5e+06;0;0;0;0.637578;800000;
6.99e-10;181.879;0;0;0;0;-1;0.770386;0;-5.98124e-08;1.5e+06;0;0;0;0.637578;800000;
7e-10;181.879;0;0;0;0;-1;0.770386;0;8.71744e-10;1.5e+06;0;0;0;0.637578;800000;
7.01e-10;181.879;0;0;0;0;-1;0.770386;0;5.82866e-08;1.5e+06;0;0;0;0.637578;800000;
7.02e-10;181.879;0;0;0;0;-1;0.770386;0;5.52901e-08;1.5e+06;0;0;0;0.637578;800000;
7.03e-10;181.879;0;0;0;0;-1;0.770386;0;-2.73964e-09;1.5e+06;0;0;0;0.637578;800000;
7.04e-10;181.879;0;0;0;0;-1;0.770386;0;-5.57418e-08;1.5e+06;0;0;0;0.637578;800000;
7.05e-10;181.879;0;0;0;0;-1;0.770386;0;-5.10456e-08;1.5e+06;0;0;0;0.637578;800000;
7.06e-10;181.879;0;0;0;0;-1;0.770386;0;4.3828e-09;1.5e+06;0;0;0;0.637578;800000;
7.07e-10;181.879;0;0;0;0;-1;0.770386;0;5.32475e-08;1.5e+06;0;0;0;0.637578;800000;
7.08e-10;181.879;0;0;0;0;-1;0.770386;0;4.70655e-08;1.5e+06;0;0;0;0.637578;800000;
7.09e-10;181.879;0;0;0;0;-1;0.770386;0;-5.81977e-09;1.5e+06;0;0;0;0.637578;800000;
7.1e-10;181.879;0;0;0;0;-1;0.770386;0;-5.08085e-08;1.5e+06;0;0;0;0.637578;800000;
7.11e-10;181.879;0;0;0;0;-1;0.770386;0;-4.33367e-08;1.5e+06;0;0;0;0.637578;800000;
7.12e-10;181.879;0;0;0;0;-1;0.770386;0;7.0679e-09;1.5e+06;0;0;0;0.637578;800000;
7.13e-10;181.879;0;0;0;0;-1;0.770386;0;4.8429e-08;1.5e+06;0;0;0;0.637578;800000;
7.14e-10;181.879;0;0;0;0;-1;0.770386;0;3.98466e-08;1.5e+06;0;0;0;0.637578;800000;
7.15e-10;181.879;0;0;0;0;-1;0.770386;0;-8.14333e-09;1.5e+06;0;0;0;0.637578;800000;
7.16e-10;181.879;0;0;0;0;-1;0.770386;0;-4.61125e-08;1.5e+06;0;0;0;0.637578;800000;
7.17e-10;181.879;0;0;0;0;-1;0.770386;0;-3.6583e-08;1.5e+06;0;0;0;0.637578;800000;
7.18e-10;181.879;0;0;0;0;-1;0.770386;0;9.06114e-09;1.5e+06;0;0;0;0.637578;800000;
7.19e-10;181.879;0;0;0;0;-1;0.770386;0;4.38618e-08;1.5e+06;0;0;0;0.637578;800000;
7.2e-10;181.879;0;0;0;0;-1;0.770386;0;3.35342e-08;1.5e+06;0;0;0;0.637578;800000;
7.21e-10;181.879;0;0;0;0;-1;0.770386;0;-9.83533e-09;1.5e+06;0;0;0;0.637578;800000;
7.22e-10;181.879;0;0;0;0;-1;0.770386;0;-4.16791e-08;1.5e+06;0;0;0;0.637578;800000;
7.23e-10;181.879;0;0;0;0;-1;0.770386;0;-3.06887e-08;1.5e+06;0;0;0;0.637578;800000;
7.24e-10;181.879;0;0;0;0;-1;0.770386;0;1.0479e-08;1.5e+06;0;0;0;0.637578;800000;
7.25e-10;181.879;0;0;0;0;-1;0.770386;0;3.95659e-08;1.5e+06;0;0;0;0.637578;800000;
7.26e-10;181.879;0;0;0;0;-1;0.770386;0;2.80357e-08;1.5e+06;0;0;0;0.637578;800000;
7.27e-10;181.879;0;0;0;0;-1;0.770386;0;-1.10042e-08;1.5e+06;0;0;0;0.637578;800000;
7.28e-10;181.879;0;0;0;0;-1;0.770386;0;-3.75235e-08;1.5e+06;0;0;0;0.637578;800000;
7.29e-10;181.879;0;0;0;0;-1;0.770386;0;-2.55645e-08;1.5e+06;0;0;0;0.637578;800000;
7.3e-10;181.879;0;0;0;0;-1;0.770386;0;1.14221e-08;1.5e+06;0;0;0;0.637578;800000;
7.31e-10;181.879;0;0;0;0;-1;0.770386;0;3.55526e-08;1.5e+06;0;0;0;0.637578;800000;
7.32e-10;181.879;0;0;0;0;-1;0.770386;0;2.32651e-08;1.5e+06;0;0;0;0.637578;800000;
7.33e-10;181.879;0;0;0;0;-1;0.770386;0;-1.17434e-08;1.5e+06;0;0;0;0.637578;800000;
7.34e-10;181.879;0;0;0;0;-1;0.770386;0;-3.36534e-08;1.5e+06;0;0;0;0.637578;800000;
7.35e-10;181.879;0;0;0;0;-1;0.770386;0;-2.11278e-08;1.5e+06;0;0;0;0.637578;800000;
7.36e-10;181.879;0;0;0;0;-1;0.770386;0;1.19774e-08;1.5e+06;0;0;0;0.637578;800000;
7.37e-10;181.879;0;0;0;0;-1;0.770386;0;3.18261e-08;1.5e+06;0;0;0;0.637578;800000;
7.38e-10;181.879;0;0;0;0;-1;0.770386;0;1.91433e-08;1.5e+06;0;0;0;0.637578;800000;
7.39e-10;181.879;0;0;0;0;-1;0.770386;0;-1.21333e-08;1.5e+06;0;0;0;0.637578;800000;
7.4e-10;181.879;0;0;0;0;-1;0.770386;0;-3.00701e-08;1.5e+06;0;0;0;0.637578;800000;
7.41e-10;181.879;0;0;0;0;-1;0.770386;0;-1.73027e-08;1.5e+06;0;0;0;0.637578;800000;
7.42e-10;181.879;0;0;0;0;-1;0.770386;0;1.22192e-08;1.5e+06;0;0;0;0.637578;800000;
7.43e-10;181.879;0;0;0;0;-1;0.770386;0;2.83851e-08;1.5e+06;0;0;0;0.637578;800000;
7.44e-10;181.879;0;0;0;0;-1;0.770386;0;1.55975e-08;1.5e+06;0;0;0;0.637578;800000;
7.45e-10;181.879;0;0;0;0;-1;0.770386;0;-1.22428e-08;1.5e+06;0;0;0;0.637578;800000;
7.46e-10;181.879;0;0;0;0;-1;0.770386;0;-2.677e-08;1.5e+06;0;0;0;0.637578;800000;
7.47e-10;181.879;0;0;0;0;-1;0.770386;0;-1.40197e-08;1.5e+06;0;0;0;0.637578;800000;
7.48e-10;181.879;0;0;0;0;-1;0.770386;0;1.22111e-08;1.5e+06;0;0;0;0.637578;800000;
7.49e-10;181.879;0;0;0;0;-1;0.770386;0;2.5224e-08;1.5e+06;0;0;0;0.637578;800000;
7.5e-10;181.879;0;0;0;0;-1;0.770386;0;1.25614e-08;1.5e+06;0;0;0;0.637578;800000;
7.51e-10;181.879;0;0;0;0;-1;0.770386;0;-1.21304e-08;1.5e+06;0;0;0;0.637578;800000;
7.52e-10;181.879;0;0;0;0;-1;0.770386;0;-2.37457e-08;1.5e+06;0;0;0;0.637578;800000;
7.53e-10;181.879;0;0;0;0;-1;0.770386;0;-1.12154e-08;1.5e+06;0;0;0;0.637578;800000;
7.54e-10;181.879;0;0;0;0;-1;0.770386;0;1.20068e-08;1.5e+06;0;0;0;0.637578;800000;
7.55e-10;181.879;0;0;0;0;-1;0.770386;0;2.23339e-08;1.5e+06;0;0;0;0.637578;800000;
7.56e-10;181.879;0;0;0;0;-1;0.770386;0;9.97458e-09;1.5e+06;0;0;0;0.637578;800000;
7.57e-10;181.879;0;0;0;0;-1;0.770386;0;-1.18456e-08;1.5e+06;0;0;0;0.637578;800000;
7.58e-10;181.879;0;0;0;0;-1;0.770386;0;-2.09869e-08;1.5e+06;0;0;0;0.637578;800000;
7.59e-10;181.879;0;0;0;0;-1;0.770386;0;-8.83232e-09;1.5e+06;0;0;0;0.637578;800000;
7.6e-10;181.879;0;0;0;0;-1;0.770386;0;1.16518e-08;1.5e+06;0;0;0;0.637578;800000;
7.61e-10;181.879;0;0;0;0;-1;0.770386;0;1.97033e-08;1.5e+06;0;0;0;0.637578;800000;
7.62e-10;181.879;0;0;0;0;-1;0.770386;0;7.78231e-09;1.5e+06;0;0;0;0.637578;800000;
7.63e-10;181.879;0;0;0;0;-1;0.770386;0;-1.14301e-08;1.5e+06;0;0;0;0.637578;800000;
7.64e-10;181.879;0;0;0;0;-1;0.770386;0;-1.84812e-08;1.5e+06;0;0;0;0.637578;800000;
7.65e-10;181.879;0;0;0;0;-1;0.770386;0;-6.81853e-09;1.5e+06;0;0;0;0.637578;800000;
7.66e-10;181.879;0;0;0;0;-1;0.770386;0;1.11844e-08;1.5e+06;0;0;0;0.637578;800000;
7.67e-10;181.879;0;0;0;0;-1;0.770386;0;1.7319e-08;1.5e+06;0;0;0;0.637578;800000;
7.68e-10;181.879;0;0;0;0;-1;0.770386;0;5.9353e-09;1.5e+06;0;0;0;0.637578;800000;
7.69e-10;181.879;0;0;0;0;-1;0.770386;0;-1.09187e-08;1.5e+06;0;0;0;0.637578;800000;
7.7e-10;181.879;0;0;0;0;-1;0.770386;0;-1.62148e-08;1.5e+06;0;0;0;0.637578;800000;
7.71e-10;181.879;0;0;0;0;-1;0.770386;0;-5.12724e-09;1.5e+06;0;0;0;0.637578;800000;
7.72e-10;181.879;0;0;0;0;-1;0.770386;0;1.06363e-08;1.5e+06;0;0;0;0.637578;800000;
7.73e-10;181.879;0;0;0;0;-1;0.770386;0;1.51667e-08;1.5e+06;0;0;0;0.637578;800000;
7.74e-10;181.879;0;0;0;0;-1;0.770386;0;4.38925e-09;1.5e+06;0;0;0;0.637578;800000;
7.75e-10;181.879;0;0;0;0;-1;0.770386;0;-1.03403e-08;1.5e+06;0;0;0;0.637578;800000;
7.76e-10;181.879;0;0;0;0;-1;0.770386;0;-1.41729e-08;1.5e+06;0;0;0;0.637578;800000;
7.77e-10;181.879;0;0;0;0;-1;0.770386;0;-3.71652e-09;1.5e+06;0;0;0;0.637578;800000;
7.78e-10;181.879;0;0;0;0;-1;0.770386;0;1.00336e-08;1.5e+06;0;0;0;0.637578;800000;
7.79e-10;181.879;0;0;0;0;-1;0.770386;0;1.32315e-08;1.5e+06;0;0;0;0.637578;800000;
7.8e-10;181.879;0;0;0;0;-1;0.770386;0;3.1045e-09;1.5e+06;0;0;0;0.637578;800000;
7.81e-10;181.879;0;0;0;0;-1;0.770386;0;-9.71875e-09;1.5e+06;0;0;0;0.637578;800000;
7.82e-10;181.879;0;0;0;0;-1;0.770386;0;-1.23405e-08;1.5e+06;0;0;0;0.637578;800000;
7.83e-10;181.879;0;0;0;0;-1;0.770386;0;-2.54891e-09;1.5e+06;0;0;0;0.637578;800000;
7.84e-10;181.879;0;0;0;0;-1;0.770386;0;9.39797e-09;1.5e+06;0;0;0;0.637578;800000;
7.85e-10;181.879;0;0;0;0;-1;0.770386;0;1.14979e-08;1.5e+06;0;0;0;0.637578;800000;
7.86e-10;181.879;0;0;0;0;-1;0.770386;0;2.04569e-09;1.5e+06;0;0;0;0.637578;800000;
7.87e-10;181.879;0;0;0;0;-1;0.770386;0;-9.07334e-09;1.5e+06;0;0;0;0.637578;800000;
7.88e-10;181.879;0;0;0;0;-1;0.770386;0;-1.0702e-08;1.5e+06;0;0;0;0.637578;800000;
7.89e-10;181.879;0;0;0;0;-1;0.770386;0;-1.59104e-09;1.5e+06;0;0;0;0.637578;800000;
7.9e-10;181.879;0;0;0;0;-1;0.770386;0;8.74671e-09;1.5e+06;0;0;0;0.637578;800000;
7.91e-10;181.879;0;0;0;0;-1;0.770386;0;9.95082e-09;1.5e+06;0;0;0;0.637578;800000;
7.92e-10;181.879;0;0;0;0;-1;0.770386;0;1.18139e-09;1.5e+06;0;0;0;0.637578;800000;
7.93e-10;181.879;0;0;0;0;-1;0.770386;0;-8.41969e-09;1.5e+06;0;0;0;0.637578;800000;
7.94e-10;181.879;0;0;0;0;-1;0.770386;0;-9.24246e-09;1.5e+06;0;0;0;0.637578;800000;
7.95e-10;181.879;0;0;0;0;-1;0.770386;0;-8.13351e-10;1.5e+06;0;0;0;0.637578;800000;
7.96e-10;181.879;0;0;0;0;-1;0.770386;0;8.09374e-09;1.5e+06;0;0;0;0.637578;800000;
7.97e-10;181.879;0;0;0;0;-1;0.770386;0;8.5751e-09;1.5e+06;0;0;0;0.637578;800000;
7.98e-10;181.879;0;0;0;0;-1;0.770386;0;4.83777e-10;1.5e+06;0;0;0;0.637578;800000;
7.99e-10;181.879;0;0;0;0;-1;0.770386;0;-7.77014e-09;1.5e+06;0;0;0;0.637578;800000;
8e-10;181.879;0;0;0;0;-1;0.770386;0;-7.94695e-09;1.5e+06;0;0;0;0.637578;800000;
8.01e-10;181.879;0;0;0;0;-1;0.770386;0;-1.89696e-10;1.5e+06;0;0;0;0.637578;800000;
8.02e-10;181.879;0;0;0;0;-1;0.770386;0;7.45002e-09;1.5e+06;0;0;0;0.637578;800000;
8.03e-10;181.879;0;0;0;0;-1;0.770386;0;7.35623e-09;1.5e+06;0;0;0;0.637578;800000;
8.04e-10;181.879;0;0;0;0;-1;0.770386;0;-7.16742e-11;1.5e+06;0;0;0;0.637578;800000;
8.05e-10;181.879;0;0;0;0;-1;0.770386;0;-7.13435e-09;1.5e+06;0;0;0;0.637578;800000;
8.06e-10;181.879;0;0;0;0;-1;0.770386;0;-6.80123e-09;1.5e+06;0;0;0;0.637578;800000;
8.07e-10;181.879;0;0;0;0;-1;0.770386;0;3.02938e-10;1.5e+06;0;0;0;0.637578;800000;
8.08e-10;181.879;0;0;0;0;-1;0.770386;0;6.82399e-09;1.5e+06;0;0;0;0.637578;800000;
8.09e-10;181.879;0;0;0;0;-1;0.770386;0;6.28024e-09;1.5e+06;0;0;0;0.637578;800000;
8.1e-10;181.879;0;0;0;0;-1;0.770386;0;-5.06534e-10;1.5e+06;0;0;0;0.637578;800000;
8.11e-10;181.879;0;0;0;0;-1;0.770386;0;-6.51966e-09;1.5e+06;0;0;0;0.637578;800000;
8.12e-10;181.879;0;0;0;0;-1;0.770386;0;-5.79164e-09;1.5e+06;0;0;0;0.637578;800000;
8.13e-10;181.879;0;0;0;0;-1;0.770386;0;6.8474e-10;1.5e+06;0;0;0;0.637578;800000;
8.14e-10;181.879;0;0;0;0;-1;0.770386;0;6.22198e-09;1.5e+06;0;0;0;0.637578;800000;
8.15e-10;181.879;0;0;0;0;-1;0.770386;0;5.33383e-09;1.5e+06;0;0;0;0.637578;800000;
8.16e-10;181.879;0;0;0;0;-1;0.770386;0;-8.39684e-10;1.5e+06;0;0;0;0.637578;800000;
8.17e-10;181.879;0;0;0;0;-1;0.770386;0;-5.93149e-09;1.5e+06;0;0;0;0.637578;800000;
8.18e-10;181.879;0;0;0;0;-1;0.770386;0;-4.90528e-09;1.5e+06;0;0;0;0.637578;800000;
8.19e-10;181.879;0;0;0;0;-1;0.770386;0;9.73352e-10;1.5e+06;0;0;0;0.637578;800000;
8.2e-10;181.879;0;0;0;0;-1;0.770386;0;5.6486e-09;1.5e+06;0;0;0;0.637578;800000;
8.21e-10;181.879;0;0;0;0;-1;0.770386;0;4.50449e-09;1.5e+06;0;0;0;0.637578;800000;
8.22e-10;181.879;0;0;0;0;-1;0.770386;0;-1.0876e-09;1.5e+06;0;0;0;0.637578;800000;
8.23e-10;181.879;0;0;0;0;-1;0.770386;0;-5.37367e-09;1.5e+06;0;0;0;0.637578;800000;
8.24e-10;181.879;0;0;0;0;-1;0.770386;0;-4.13002e-09;1.5e+06;0;0;0;0.637578;800000;
8.25e-10;181.879;0;0;0;0;-1;0.770386;0;1.18414e-09;1.5e+06;0;0;0;0.637578;800000;
8.26e-10;181.879;0;0;0;0;-1;0.770386;0;5.10697e-09;1.5e+06;0;0;0;0.637578;800000;
8.27e-10;181.879;0;0;0;0;-1;0.770386;0;3.78047e-09;1.5e+06;0;0;0;0.637578;800000;
8.28e-10;181.879;0;0;0;0;-1;0.770386;0;-1.26458e-09;1.5e+06;0;0;0;0.637578;800000;
8.29e-10;181.879;0;0;0;0;-1;0.770386;0;-4.84871e-09;1.5e+06;0;0;0;0.637578;800000;
8.3e-10;181.879;0;0;0;0;-1;0.770386;0;-3.45452e-09;1.5e+06;0;0;0;0.637578;800000;
8.31e-10;181.879;0;0;0;0;-1;0.770386;0;1.33041e-09;1.5e+06;0;0;0;0.637578;800000;
8.32e-10;181.879;0;0;0;0;-1;0.770386;0;4.59904e-09;1.5e+06;0;0;0;0.637578;800000;
8.33e-10;181.879;0;0;0;0;-1;0.770386;0;3.15087e-09;1.5e+06;0;0;0;0.637578;800000;
8.34e-10;181.879;0;0;0;0;-1;0.770386;0;-1.38302e-09;1.5e+06;0;0;0;0.637578;800000;
8.35e-10;181.879;0;0;0;0;-1;0.770386;0;-4.35806e-09;1.5e+06;0;0;0;0.637578;800000;
8.36e-10;181.879;0;0;0;0;-1;0.770386;0;-2.86829e-09;1.5e+06;0;0;0;0.637578;800000;
8.37e-10;181.879;0;0;0;0;-1;0.770386;0;1.42368e-09;1.5e+06;0;0;0;0.637578;800000;
8.38e-10;181.879;0;0;0;0;-1;0.770386;0;4.1258e-09;1.5e+06;0;0;0;0.637578;800000;
8.39e-10;181.879;0;0;0;0;-1;0.770386;0;2.60559e-09;1.5e+06;0;0;0;0.637578;800000;
8.4e-10;181.879;0;0;0;0;-1;0.770386;0;-1.45358e-09;1.5e+06;0;0;0;0.637578;800000;
8.41e-10;181.879;0;0;0;0;-1;0.770386;0;-3.90228e-09;1.5e+06;0;0;0;0.637578;800000;
8.42e-10;181.879;0;0;0;0;-1;0.770386;0;-2.36163e-09;1.5e+06;0;0;0;0.637578;800000;
8.43e-10;181.879;0;0;0;0;-1;0.770386;0;1.47382e-09;1.5e+06;0;0;0;0.637578;800000;
8.44e-10;181.879;0;0;0;0;-1;0.770386;0;3.68746e-09;1.5e+06;0;0;0;0.637578;800000;
8.45e-10;181.879;0;0;0;0;-1;0.770386;0;2.13533e-09;1.5e+06;0;0;0;0.637578;800000;
8.46e-10;181.879;0;0;0;0;-1;0.770386;0;-1.48541e-09;1.5e+06;0;0;0;0.637578;800000;
8.47e-10;181.879;0;0;0;0;-1;0.770386;0;-3.48127e-09;1.5e+06;0;0;0;0.637578;800000;
8.48e-10;181.879;0;0;0;0;-1;0.770386;0;-1.92564e-09;1.5e+06;0;0;0;0.637578;800000;
8.49e-10;181.879;0;0;0;0;-1;0.770386;0;1.4893e-09;1.5e+06;0;0;0;0.637578;800000;
8.5e-10;181.879;0;0;0;0;-1;0.770386;0;3.28362e-09;1.5e+06;0;0;0;0.637578;800000;
8.51e-10;181.879;0;0;0;0;-1;0.770386;0;1.73158e-09;1.5e+06;0;0;0;0.637578;800000;
8.52e-10;181.879;0;0;0;0;-1;0.770386;0;-1.48633e-09;1.5e+06;0;0;0;0.637578;800000;
8.53e-10;181.879;0;0;0;0;-1;0.770386;0;-3.09438e-09;1.5e+06;0;0;0;0.637578;800000;
8.54e-10;181.879;0;0;0;0;-1;0.770386;0;-1.55219e-09;1.5e+06;0;0;0;0.637578;800000;
8.55e-10;181.879;0;0;0;0;-1;0.770386;0;1.47732e-09;1.5e+06;0;0;0;0.637578;800000;
8.56e-10;181.879;0;0;0;0;-1;0.770386;0;2.9134e-09;1.5e+06;0;0;0;0.637578;800000;
8.57e-10;181.879;0;0;0;0;-1;0.770386;0;1.38658e-09;1.5e+06;0;0;0;0.637578;800000;
8.58e-10;181.879;0;0;0;0;-1;0.770386;0;-1.46297e-09;1.5e+06;0;0;0;0.637578;800000;
8.59e-10;181.879;0;0;0;0;-1;0.770386;0;-2.74053e-09;1.5e+06;0;0;0;0.637578;800000;
8.6e-10;181.879;0;0;0;0;-1;0.770386;0;-1.23389e-09;1.5e+06;0;0;0;0.637578;800000;
8.61e-10;181.879;0;0;0;0;-1;0.770386;0;1.44397e-09;1.5e+06;0;0;0;0.637578;800000;
8.62e-10;181.879;0;0;0;0;-1;0.770386;0;2.57558e-09;1.5e+06;0;0;0;0.637578;800000;
8.63e-10;181.879;0;0;0;0;-1;0.770386;0;1.0933e-09;1.5e+06;0;0;0;0.637578;800000;
8.64e-10;181.879;0;0;0;0;-1;0.770386;0;-1.42093e-09;1.5e+06;0;0;0;0.637578;800000;
8.65e-10;181.879;0;0;0;0;-1;0.770386;0;-2.41835e-09;1.5e+06;0;0;0;0.637578;800000;
8.66e-10;181.879;0;0;0;0;-1;0.770386;0;-9.64032e-10;1.5e+06;0;0;0;0.637578;800000;
8.67e-10;181.879;0;0;0;0;-1;0.770386;0;1.3944e-09;1.5e+06;0;0;0;0.637578;800000;
8.68e-10;181.879;0;0;0;0;-1;0.770386;0;2.26865e-09;1.5e+06;0;0;0;0.637578;800000;
8.69e-10;181.879;0;0;0;0;-1;0.770386;0;8.45357e-10;1.5e+06;0;0;0;0.637578;800000;
8.7e-10;181.879;0;0;0;0;-1;0.770386;0;-1.3649e-09;1.5e+06;0;0;0;0.637578;800000;
8.71e-10;181.879;0;0;0;0;-1;0.770386;0;-2.12626e-09;1.5e+06;0;0;0;0.637578;800000;
8.72e-10;181.879;0;0;0;0;-1;0.770386;0;-7.36576e-10;1.5e+06;0;0;0;0.637578;800000;
8.73e-10;181.879;0;0;0;0;-1;0.770386;0;1.33289e-09;1.5e+06;0;0;0;0.637578;800000;
8.74e-10;181.879;0;0;0;0;-1;0.770386;0;1.99096e-09;1.5e+06;0;0;0;0.637578;800000;
8.75e-10;181.879;0;0;0;0;-1;0.770386;0;6.37029e-10;1.5e+06;0;0;0;0.637578;800000;
8.76e-10;181.879;0;0;0;0;-1;0.770386;0;-1.2988e-09;1.5e+06;0;0;0;0.637578;800000;
8.77e-10;181.879;0;0;0;0;-1;0.770386;0;-1.86252e-09;1.5e+06;0;0;0;0.637578;800000;
8.78e-10;181.879;0;0;0;0;-1;0.770386;0;-5.46092e-10;1.5e+06;0;0;0;0.637578;800000;
8.79e-10;181.879;0;0;0;0;-1;0.770386;0;1.26301e-09;1.5e+06;0;0;0;0.637578;800000;
8.8e-10;181.879;0;0;0;0;-1;0.770386;0;1.74072e-09;1.5e+06;0;0;0;0.637578;800000;
8.81e-10;181.879;0;0;0;0;-1;0.770386;0;4.63173e-10;1.5e+06;0;0;0;0.637578;800000;
8.82e-10;181.879;0;0;0;0;-1;0.770386;0;-1.22586e-09;1.5e+06;0;0;0;0.637578;800000;
8.83e-10;181.879;0;0;0;0;-1;0.770386;0;-1.62531e-09;1.5e+06;0;0;0;0.637578;800000;
8.84e-10;181.879;0;0;0;0;-1;0.770386;0;-3.87715e-10;1.5e+06;0;0;0;0.637578;800000;
8.85e-10;181.879;0;0;0;0;-1;0.770386;0;1.18768e-09;1.5e+06;0;0;0;0.637578;800000;
8.86e-10;181.879;0;0;0;0;-1;0.770386;0;1.51607e-09;1.5e+06;0;0;0;0.637578;800000;
8.87e-10;181.879;0;0;0;0;-1;0.770386;0;3.19192e-10;1.5e+06;0;0;0;0.637578;800000;
8.88e-10;181.879;0;0;0;0;-1;0.770386;0;-1.14875e-09;1.5e+06;0;0;0;0.637578;800000;
8.89e-10;181.879;0;0;0;0;-1;0.770386;0;-1.41276e-09;1.5e+06;0;0;0;0.637578;800000;
8.9e-10;181.879;0;0;0;0;-1;0.770386;0;-2.57109e-10;1.5e+06;0;0;0;0.637578;800000;
8.91e-10;181.879;0;0;0;0;-1;0.770386;0;1.10931e-09;1.5e+06;0;0;0;0.637578;800000;
8.92e-10;181.879;0;0;0;0;-1;0.770386;0;1.31516e-09;1.5e+06;0;0;0;0.637578;800000;
8.93e-10;181.879;0;0;0;0;-1;0.770386;0;2.00998e-10;1.5e+06;0;0;0;0.637578;800000;
8.94e-10;181.879;0;0;0;0;-1;0.770386;0;-1.0696e-09;1.5e+06;0;0;0;0.637578;800000;
8.95e-10;181.879;0;0;0;0;-1;0.770386;0;-1.22303e-09;1.5e+06;0;0;0;0.637578;800000;
8.96e-10;181.879;0;0;0;0;-1;0.770386;0;-1.50419e-10;1.5e+06;0;0;0;0.637578;800000;
8.97e-10;181.879;0;0;0;0;-1;0.770386;0;1.02981e-09;1.5e+06;0;0;0;0.637578;800000;
8.98e-10;181.879;0;0;0;0;-1;0.770386;0;1.13614e-09;1.5e+06;0;0;0;0.637578;800000;
8.99e-10;181.879;0;0;0;0;-1;0.770386;0;1.0496e-10;1.5e+06;0;0;0;0.637578;800000;
9e-10;181.879;0;0;0;0;-1;0.770386;0;-9.90137e-10;1.5e+06;0;0;0;0.637578;800000;
9.01e-10;181.879;0;0;0;0;-1;0.770386;0;-1.05427e-09;1.5e+06;0;0;0;0.637578;800000;
9.02e-10;181.879;0;0;0;0;-1;0.770386;0;-6.42314e-11;1.5e+06;0;0;0;0.637578;800000;
9.03e-10;181.879;0;0;0;0;-1;0.770386;0;9.50724e-10;1.5e+06;0;0;0;0.637578;800000;
9.04e-10;181.879;0;0;0;0;-1;0.770386;0;9.77197e-10;1.5e+06;0;0;0;0.637578;800000;
9.05e-10;181.879;0;0;0;0;-1;0.770386;0;2.78703e-11;1.5e+06;0;0;0;0.637578;800000;
9.06e-10;181.879;0;0;0;0;-1;0.770386;0;-9.11715e-10;1.5e+06;0;0;0;0.637578;800000;
9.07e-10;181.879;0;0;0;0;-1;0.770386;0;-9.0471e-10;1.5e+06;0;0;0;0.637578;800000;
9.08e-10;181.879;0;0;0;0;-1;0.770386;0;4.46529e-12;1.5e+06;0;0;0;0.637578;800000;
9.09e-10;181.879;0;0;0;0;-1;0.770386;0;8.73233e-10;1.5e+06;0;0;0;0.637578;800000;
9.1e-10;181.879;0;0;0;0;-1;0.770386;0;8.36596e-10;1.5e+06;0;0;0;0.637578;800000;
9.11e-10;181.879;0;0;0;0;-1;0.770386;0;-3.30953e-11;1.5e+06;0;0;0;0.637578;800000;
9.12e-10;181.879;0;0;0;0;-1;0.770386;0;-8.35382e-10;1.5e+06;0;0;0;0.637578;800000;
9.13e-10;181.879;0;0;0;0;-1;0.770386;0;-7.7265e-10;1.5e+06;0;0;0;0.637578;800000;
9.14e-10;181.879;0;0;0;0;-1;0.770386;0;5.8319e-11;1.5e+06;0;0;0;0.637578;800000;
9.15e-10;181.879;0;0;0;0;-1;0.770386;0;7.98254e-10;1.5e+06;0;0;0;0.637578;800000;
9.16e-10;181.879;0;0;0;0;-1;0.770386;0;7.1267e-10;1.5e+06;0;0;0;0.637578;800000;
9.17e-10;181.879;0;0;0;0;-1;0.770386;0;-8.04161e-11;1.5e+06;0;0;0;0.637578;800000;
9.18e-10;181.879;0;0;0;0;-1;0.770386;0;-7.61925e-10;1.5e+06;0;0;0;0.637578;800000;
9.19e-10;181.879;0;0;0;0;-1;0.770386;0;-6.56464e-10;1.5e+06;0;0;0;0.637578;800000;
9.2e-10;181.879;0;0;0;0;-1;0.770386;0;9.96482e-11;1.5e+06;0;0;0;0.637578;800000;
9.21e-10;181.879;0;0;0;0;-1;0.770386;0;7.26461e-10;1.5e+06;0;0;0;0.637578;800000;
9.22e-10;181.879;0;0;0;0;-1;0.770386;0;6.03842e-10;1.5e+06;0;0;0;0.637578;800000;
9.23e-10;181.879;0;0;0;0;-1;0.770386;0;-1.16259e-10;1.5e+06;0;0;0;0.637578;800000;
9.24e-10;181.879;0;0;0;0;-1;0.770386;0;-6.91916e-10;1.5e+06;0;0;0;0.637578;800000;
9.25e-10;181.879;0;0;0;0;-1;0.770386;0;-5.54623e-10;1.5e+06;0;0;0;0.637578;800000;
9.26e-10;181.879;0;0;0;0;-1;0.770386;0;1.30476e-10;1.5e+06;0;0;0;0.637578;800000;
9.27e-10;181.879;0;0;0;0;-1;0.770386;0;6.58333e-10;1.5e+06;0;0;0;0.637578;800000;
9.28e-10;181.879;0;0;0;0;-1;0.770386;0;5.08629e-10;1.5e+06;0;0;0;0.637578;800000;
9.29e-10;181.879;0;0;0;0;-1;0.770386;0;-1.42511e-10;1.5e+06;0;0;0;0.637578;800000;
9.3e-10;181.879;0;0;0;0;-1;0.770386;0;-6.25748e-10;1.5e+06;0;0;0;0.637578;800000;
9.31e-10;181.879;0;0;0;0;-1;0.770386;0;-4.65692e-10;1.5e+06;0;0;0;0.637578;800000;
9.32e-10;181.879;0;0;0;0;-1;0.770386;0;1.52561e-10;1.5e+06;0;0;0;0.637578;800000;
9.33e-10;181.879;0;0;0;0;-1;0.770386;0;5.94186e-10;1.5e+06;0;0;0;0.637578;800000;
9.34e-10;181.879;0;0;0;0;-1;0.770386;0;4.25647e-10;1.5e+06;0;0;0;0.637578;800000;
9.35e-10;181.879;0;0;0;0;-1;0.770386;0;-1.6081e-10;1.5e+06;0;0;0;0.637578;800000;
9.36e-10;181.879;0;0;0;0;-1;0.770386;0;-5.63667e-10;1.5e+06;0;0;0;0.637578;800000;
9.37e-10;181.879;0;0;0;0;-1;0.770386;0;-3.88336e-10;1.5e+06;0;0;0;0.637578;800000;
9.38e-10;181.879;0;0;0;0;-1;0.770386;0;1.67426e-10;1.5e+06;0;0;0;0.637578;800000;
9.39e-10;181.879;0;0;0;0;-1;0.770386;0;5.34203e-10;1.5e+06;0;0;0;0.637578;800000;
9.4e-10;181.879;0;0;0;0;-1;0.770386;0;3.53609e-10;1.5e+06;0;0;0;0.637578;800000;
9.41e-10;181.879;0;0;0;0;-1;0.770386;0;-1.72568e-10;1.5e+06;0;0;0;0.637578;800000;
9.42e-10;181.879;0;0;0;0;-1;0.770386;0;-5.05801e-10;1.5e+06;0;0;0;0.637578;800000;
9.43e-10;181.879;0;0;0;0;-1;0.770386;0;-3.2132e-10;1.5e+06;0;0;0;0.637578;800000;
9.44e-10;181.879;0;0;0;0;-1;0.770386;0;1.76381e-10;1.5e+06;0;0;0;0.637578;800000;
9.45e-10;181.879;0;0;0;0;-1;0.770386;0;4.78461e-10;1.5e+06;0;0;0;0.637578;800000;
9.46e-10;181.879;0;0;0;0;-1;0.770386;0;2.91331e-10;1.5e+06;0;0;0;0.637578;800000;
9.47e-10;181.879;0;0;0;0;-1;0.770386;0;-1.79001e-10;1.5e+06;0;0;0;0.637578;800000;
9.48e-10;181.879;0;0;0;0;-1;0.770386;0;-4.52181e-10;1.5e+06;0;0;0;0.637578;800000;
9.49e-10;181.879;0;0;0;0;-1;0.770386;0;-2.63507e-10;1.5e+06;0;0;0;0.637578;800000;
9.5e-10;181.879;0;0;0;0;-1;0.770386;0;1.80553e-10;1.5e+06;0;0;0;0.637578;800000;
9.51e-10;181.879;0;0;0;0;-1;0.770386;0;4.26952e-10;1.5e+06;0;0;0;0.637578;800000;
9.52e-10;181.879;0;0;0;0;-1;0.770386;0;2.37723e-10;1.5e+06;0;0;0;0.637578;800000;
9.53e-10;181.879;0;0;0;0;-1;0.770386;0;-1.81151e-10;1.5e+06;0;0;0;0.637578;800000;
9.54e-10;181.879;0;0;0;0;-1;0.770386;0;-4.02763e-10;1.5e+06;0;0;0;0.637578;800000;
9.55e-10;181.879;0;0;0;0;-1;0.770386;0;-2.13855e-10;1.5e+06;0;0;0;0.637578;800000;
9.56e-10;181.879;0;0;0;0;-1;0.770386;0;1.80902e-10;1.5e+06;0;0;0;0.637578;800000;
9.57e-10;181.879;0;0;0;0;-1;0.770386;0;3.79599e-10;1.5e+06;0;0;0;0.637578;800000;
9.58e-10;181.879;0;0;0;0;-1;0.770386;0;1.91789e-10;1.5e+06;0;0;0;0.637578;800000;
9.59e-10;181.879;0;0;0;0;-1;0.770386;0;-1.79903e-10;1.5e+06;0;0;0;0.637578;800000;
9.6e-10;181.879;0;0;0;0;-1;0.770386;0;-3.57444e-10;1.5e+06;0;0;0;0.637578;800000;
9.61e-10;181.879;0;0;0;0;-1;0.770386;0;-1.71413e-10;1.5e+06;0;0;0;0.637578;800000;
9.62e-10;181.879;0;0;0;0;-1;0.770386;0;1.78245e-10;1.5e+06;0;0;0;0.637578;800000;
9.63e-10;181.879;0;0;0;0;-1;0.770386;0;3.36277e-10;1.5e+06;0;0;0;0.637578;800000;
9.64e-10;181.879;0;0;0;0;-1;0.770386;0;1.52624e-10;1.5e+06;0;0;0;0.637578;800000;
9.65e-10;181.879;0;0;0;0;-1;0.770386;0;-1.76009e-10;1.5e+06;0;0;0;0.637578;800000;
9.66e-10;181.879;0;0;0;0;-1;0.770386;0;-3.16077e-10;1.5e+06;0;0;0;0.637578;800000;
9.67e-10;181.879;0;0;0;0;-1;0.770386;0;-1.3532e-10;1.5e+06;0;0;0;0.637578;800000;
9.68e-10;181.879;0;0;0;0;-1;0.770386;0;1.7327e-10;1.5e+06;0;0;0;0.637578;800000;
9.69e-10;181.879;0;0;0;0;-1;0.770386;0;2.9682e-10;1.5e+06;0;0;0;0.637578;800000;
9.7e-10;181.879;0;0;0;0;-1;0.770386;0;1.19406e-10;1.5e+06;0;0;0;0.637578;800000;
9.71e-10;181.879;0;0;0;0;-1;0.770386;0;-1.70099e-10;1.5e+06;0;0;0;0.637578;800000;
9.72e-10;181.879;0;0;0;0;-1;0.770386;0;-2.78483e-10;1.5e+06;0;0;0;0.637578;800000;
9.73e-10;181.879;0;0;0;0;-1;0.770386;0;-1.04794e-10;1.5e+06;0;0;0;0.637578;800000;
9.74e-10;181.879;0;0;0;0;-1;0.770386;0;1.66558e-10;1.5e+06;0;0;0;0.637578;800000;
9.75e-10;181.879;0;0;0;0;-1;0.770386;0;2.61038e-10;1.5e+06;0;0;0;0.637578;800000;
9.76e-10;181.879;0;0;0;0;-1;0.770386;0;9.13964e-11;1.5e+06;0;0;0;0.637578;800000;
9.77e-10;181.879;0;0;0;0;-1;0.770386;0;-1.62704e-10;1.5e+06;0;0;0;0.637578;800000;
9.78e-10;181.879;0;0;0;0;-1;0.770386;0;-2.44459e-10;1.5e+06;0;0;0;0.637578;800000;
9.79e-10;181.879;0;0;0;0;-1;0.770386;0;-7.91335e-11;1.5e+06;0;0;0;0.637578;800000;
9.8e-10;181.879;0;0;0;0;-1;0.770386;0;1.5859e-10;1.5e+06;0;0;0;0.637578;800000;
9.81e-10;181.879;0;0;0;0;-1;0.770386;0;2.28719e-10;1.5e+06;0;0;0;0.637578;800000;
9.82e-10;181.879;0;0;0;0;-1;0.770386;0;6.79283e-11;1.5e+06;0;0;0;0.637578;800000;
9.83e-10;181.879;0;0;0;0;-1;0.770386;0;-1.54263e-10;1.5e+06;0;0;0;0.637578;800000;
9.84e-10;181.879;0;0;0;0;-1;0.770386;0;-2.1379e-10;1.5e+06;0;0;0;0.637578;800000;
9.85e-10;181.879;0;0;0;0;-1;0.770386;0;-5.77084e-11;1.5e+06;0;0;0;0.637578;800000;
9.86e-10;181.879;0;0;0;0;-1;0.770386;0;1.49765e-10;1.5e+06;0;0;0;0.637578;800000;
9.87e-10;181.879;0;0;0;0;-1;0.770386;0;1.99643e-10;1.5e+06;0;0;0;0.637578;800000;
9.88e-10;181.879;0;0;0;0;-1;0.770386;0;4.84052e-11;1.5e+06;0;0;0;0.637578;800000;
9.89e-10;181.879;0;0;0;0;-1;0.770386;0;-1.45137e-10;1.5e+06;0;0;0;0.637578;800000;
9.9e-10;181.879;0;0;0;0;-1;0.770386;0;-1.86251e-10;1.5e+06;0;0;0;0.637578;800000;
9.91e-10;181.879;0;0;0;0;-1;0.770386;0;-3.99546e-11;1.5e+06;0;0;0;0.637578;800000;
9.92e-10;181.879;0;0;0;0;-1;0.770386;0;1.40411e-10;1.5e+06;0;0;0;0.637578;800000;
9.93e-10;181.879;0;0;0;0;-1;0.770386;0;1.73584e-10;1.5e+06;0;0;0;0.637578;800000;
9.94e-10;181.879;0;0;0;0;-1;0.770386;0;3.22956e-11;1.5e+06;0;0;0;0.637578;800000;
9.95e-10;181.879;0;0;0;0;-1;0.770386;0;-1.35621e-10;1.5e+06;0;0;0;0.637578;800000;
9.96e-10;181.879;0;0;0;0;-1;0.770386;0;-1.61615e-10;1.5e+06;0;0;0;0.637578;800000;
9.97e-10;181.879;0;0;0;0;-1;0.770386;0;-2.53707e-11;1.5e+06;0;0;0;0.637578;800000;
9.98e-10;181.879;0;0;0;0;-1;0.770386;0;1.30793e-10;1.5e+06;0;0;0;0.637578;800000;
9.99e-10;181.879;0;0;0;0;-1;0.770386;0;1.50315e-10;1.5e+06;0;0;0;0.637578;800000;
