4pf_1.0_GHz	4pf_1.0_GHz	4pf_2.0_GHz	4pf_2.0_GHz	4pf_3.0_GHz	4pf_3.0_GHz	4pf_4.0_GHz	4pf_4.0_GHz	4pf_5.0_GHz	4pf_5.0_GHz	4pf_6.0_GHz	4pf_6.0_GHz	4pf_7.0_GHz	4pf_7.0_GHz	4pf_8.0_GHz	4pf_8.0_GHz	4pf_9.0_GHz	4pf_9.0_GHz	4pf_10.0_GHz	4pf_10.0_GHz	4pf_11.0_GHz	4pf_11.0_GHz	4pf_12.0_GHz	4pf_12.0_GHz	4pf_13.0_GHz	4pf_13.0_GHz	4pf_14.0_GHz	4pf_14.0_GHz	4pf_15.0_GHz	4pf_15.0_GHz	4pf_16.0_GHz	4pf_16.0_GHz	4pf_17.0_GHz	4pf_17.0_GHz

72.400000E+0	26.692852E-6	73.700000E+0	19.788833E-6	74.100000E+0	9.238759E-6	74.300000E+0	6.163159E-6	74.500000E+0	3.965719E-6	74.700000E+0	4.601503E-6	75.000000E+0	3.308073E-6	74.900000E+0	3.286223E-6	75.400000E+0	1.651060E-6	73.100000E+0	1.740466E-6	73.900000E+0	2.612686E-6	74.500000E+0	1.005338E-6	74.200000E+0	2.036507E-6	75.900000E+0	174.841107E-9	74.100000E+0	437.103600E-9	75.100000E+0	1.796098E-6	75.100000E+0	621.878267E-9
113.800000E+0	40.724113E-6	122.800000E+0	28.542787E-6	123.800000E+0	15.399920E-6	123.000000E+0	8.396365E-6	120.700000E+0	4.009430E-6	119.000000E+0	5.628694E-6	120.400000E+0	3.699482E-6	125.100000E+0	4.331301E-6	121.300000E+0	2.696132E-6	114.500000E+0	1.392770E-6	116.500000E+0	3.816705E-6	115.900000E+0	2.318634E-6	124.000000E+0	2.090148E-6	121.800000E+0	1.609335E-6	120.600000E+0	848.378400E-9	115.600000E+0	1.649071E-6	120.300000E+0	1.839806E-6
165.300000E+0	38.588773E-6	175.000000E+0	30.686640E-6	175.600000E+0	15.086000E-6	168.300000E+0	6.550579E-6	172.500000E+0	1.547744E-6	172.400000E+0	6.568461E-6	166.200000E+0	6.051887E-6	171.200000E+0	2.988193E-6	167.400000E+0	2.725934E-6	166.800000E+0	2.338503E-6	174.800000E+0	2.481555E-6	176.900000E+0	2.837197E-6	165.000000E+0	1.114613E-6	177.900000E+0	2.809380E-6	173.300000E+0	1.666953E-6	168.100000E+0	1.468268E-6	172.000000E+0	2.845143E-6
224.300000E+0	36.133580E-6	217.600000E+0	28.159340E-6	217.900000E+0	12.215047E-6	222.200000E+0	6.345936E-6	218.600000E+0	2.062332E-6	219.200000E+0	8.028794E-6	224.200000E+0	6.618132E-6	223.300000E+0	3.369669E-6	225.300000E+0	2.725933E-6	219.500000E+0	2.072267E-6	221.900000E+0	3.008061E-6	216.400000E+0	2.229225E-6	222.800000E+0	2.342475E-6	220.500000E+0	1.810003E-6	219.900000E+0	2.793486E-6	226.000000E+0	2.497449E-6	218.500000E+0	1.565625E-6
273.700000E+0	36.581587E-6	275.600000E+0	25.421500E-6	271.200000E+0	14.877393E-6	265.700000E+0	5.346567E-6	266.600000E+0	-1.146402E-6	277.000000E+0	8.817570E-6	272.200000E+0	5.048543E-6	270.300000E+0	4.526007E-6	272.800000E+0	3.210723E-6	271.000000E+0	3.902138E-6	273.500000E+0	2.668315E-6	268.000000E+0	2.525265E-6	269.500000E+0	1.992792E-6	274.000000E+0	1.994779E-6	267.700000E+0	2.290817E-6	267.500000E+0	2.131872E-6	276.000000E+0	1.851729E-6
322.500000E+0	36.133320E-6	323.400000E+0	26.855993E-6	323.800000E+0	12.699813E-6	320.900000E+0	3.602125E-6	322.100000E+0	-977.522400E-9	318.200000E+0	10.846126E-6	324.300000E+0	6.940004E-6	322.200000E+0	4.212087E-6	323.500000E+0	4.025324E-6	321.900000E+0	2.803420E-6	325.100000E+0	2.658383E-6	320.500000E+0	1.740467E-6	325.900000E+0	2.268960E-6	320.100000E+0	3.359729E-6	319.100000E+0	3.004089E-6	320.200000E+0	1.563637E-6	322.300000E+0	1.539795E-6
376.700000E+0	32.382933E-6	370.100000E+0	25.908260E-6	373.000000E+0	10.267960E-6	370.100000E+0	4.975031E-6	369.400000E+0	-3.989562E-6	371.800000E+0	10.865990E-6	376.800000E+0	6.808866E-6	369.300000E+0	4.369049E-6	377.300000E+0	3.568351E-6	376.200000E+0	3.961747E-6	367.800000E+0	3.194827E-6	371.800000E+0	1.607348E-6	374.100000E+0	2.884879E-6	371.600000E+0	1.631190E-6	377.300000E+0	3.290191E-6	378.400000E+0	3.496827E-6	376.700000E+0	1.106666E-6
420.100000E+0	33.686547E-6	423.700000E+0	23.690973E-6	424.300000E+0	12.048140E-6	423.800000E+0	2.761698E-6	428.000000E+0	-5.710155E-6	429.400000E+0	13.180627E-6	429.600000E+0	7.369167E-6	422.200000E+0	5.805522E-6	428.600000E+0	4.214078E-6	421.900000E+0	3.097469E-6	421.600000E+0	2.318631E-6	426.100000E+0	3.163039E-6	428.100000E+0	2.513343E-6	425.100000E+0	2.338503E-6	417.800000E+0	528.497367E-9	429.400000E+0	1.966965E-6	422.300000E+0	3.157075E-6
474.800000E+0	32.032520E-6	472.900000E+0	23.931387E-6	478.600000E+0	9.427528E-6	477.400000E+0	1.798084E-6	470.300000E+0	-7.784415E-6	479.000000E+0	13.504487E-6	478.300000E+0	8.706309E-6	476.900000E+0	5.509485E-6	470.800000E+0	4.315402E-6	481.200000E+0	3.349801E-6	476.100000E+0	1.804044E-6	480.100000E+0	2.002727E-6	475.700000E+0	2.797458E-6	477.200000E+0	3.059721E-6	472.100000E+0	1.947097E-6	473.000000E+0	2.219291E-6	476.800000E+0	961.626533E-9
523.600000E+0	30.408460E-6	520.900000E+0	23.045260E-6	521.000000E+0	8.950689E-6	525.700000E+0	2.594803E-6	521.900000E+0	-10.033513E-6	522.500000E+0	14.233647E-6	532.200000E+0	8.136092E-6	531.300000E+0	5.733996E-6	525.100000E+0	4.112745E-6	529.900000E+0	3.296153E-6	529.100000E+0	3.806773E-6	528.000000E+0	641.747220E-9	522.900000E+0	2.574935E-6	533.700000E+0	1.118587E-6	527.400000E+0	3.165021E-6	527.400000E+0	1.436480E-6	534.600000E+0	693.403033E-9
573.600000E+0	31.152107E-6	572.000000E+0	21.370387E-6	585.200000E+0	8.227483E-6	574.000000E+0	-164.907067E-9	577.200000E+0	-12.723673E-6	577.000000E+0	16.556287E-6	575.300000E+0	8.744059E-6	574.500000E+0	6.498924E-6	580.700000E+0	5.231330E-6	574.500000E+0	2.819315E-6	583.800000E+0	3.343839E-6	577.900000E+0	3.387549E-6	582.800000E+0	814.600067E-9	586.400000E+0	2.755736E-6	575.600000E+0	931.823533E-9	582.700000E+0	1.919279E-6	585.100000E+0	1.547743E-6
625.000000E+0	29.199707E-6	625.100000E+0	22.457153E-6	629.900000E+0	6.159183E-6	633.700000E+0	-977.522333E-9	633.400000E+0	-14.782013E-6	632.500000E+0	15.997973E-6	630.800000E+0	10.305710E-6	630.200000E+0	5.704195E-6	627.900000E+0	3.359733E-6	638.700000E+0	3.562392E-6	627.100000E+0	2.078227E-6	638.100000E+0	1.227863E-6	636.000000E+0	1.631189E-6	636.300000E+0	2.634541E-6	628.000000E+0	2.070281E-6	636.100000E+0	2.115976E-6	634.000000E+0	1.565623E-6
679.200000E+0	29.210613E-6	680.900000E+0	20.065033E-6	685.500000E+0	6.248583E-6	682.000000E+0	-1.211967E-6	681.300000E+0	-16.441053E-6	682.300000E+0	18.346420E-6	686.100000E+0	9.534811E-6	678.800000E+0	5.914795E-6	683.600000E+0	4.065061E-6	682.100000E+0	4.315405E-6	687.200000E+0	3.099457E-6	681.800000E+0	2.996143E-6	684.300000E+0	3.168997E-6	683.800000E+0	1.968950E-6	688.600000E+0	2.849117E-6	684.000000E+0	1.998753E-6	686.800000E+0	1.029180E-6
729.600000E+0	28.919040E-6	731.000000E+0	19.037840E-6	738.100000E+0	6.727407E-6	730.600000E+0	-4.214070E-6	736.100000E+0	-19.792840E-6	732.600000E+0	19.314020E-6	730.800000E+0	10.573927E-6	733.800000E+0	5.716116E-6	736.800000E+0	5.410145E-6	741.900000E+0	3.790876E-6	739.600000E+0	3.415363E-6	734.500000E+0	3.439208E-6	732.300000E+0	2.074253E-6	738.600000E+0	2.259027E-6	741.400000E+0	1.883517E-6	731.900000E+0	582.142073E-9	731.000000E+0	2.350424E-6
789.900000E+0	28.145173E-6	784.700000E+0	19.149093E-6	784.700000E+0	4.373024E-6	788.900000E+0	-5.416105E-6	783.800000E+0	-21.841260E-6	785.500000E+0	19.925947E-6	782.100000E+0	11.140180E-6	786.600000E+0	5.825390E-6	782.700000E+0	5.259145E-6	783.700000E+0	4.577667E-6	785.600000E+0	2.628579E-6	785.600000E+0	1.760332E-6	784.000000E+0	2.785541E-6	785.000000E+0	2.121939E-6	783.000000E+0	1.494100E-6	789.800000E+0	1.339125E-6	788.300000E+0	1.351045E-6
834.500000E+0	25.009473E-6	839.000000E+0	18.046420E-6	839.600000E+0	3.918033E-6	840.900000E+0	-5.952545E-6	844.500000E+0	-22.955867E-6	840.600000E+0	22.033973E-6	841.700000E+0	11.062691E-6	842.400000E+0	7.061193E-6	837.100000E+0	5.598890E-6	842.400000E+0	4.833966E-6	833.500000E+0	3.153101E-6	845.400000E+0	2.956405E-6	843.400000E+0	3.033890E-6	844.800000E+0	1.712649E-6	843.200000E+0	2.100082E-6	837.600000E+0	2.819314E-6	841.000000E+0	2.121939E-6
889.700000E+0	24.867920E-6	893.900000E+0	16.107267E-6	887.700000E+0	2.527251E-6	894.800000E+0	-8.334769E-6	886.900000E+0	-27.408327E-6	889.800000E+0	22.351860E-6	888.900000E+0	12.370020E-6	885.500000E+0	7.875807E-6	896.700000E+0	6.288320E-6	891.200000E+0	2.402079E-6	893.800000E+0	2.739843E-6	892.400000E+0	3.230586E-6	886.200000E+0	2.145781E-6	887.800000E+0	3.312048E-6	891.300000E+0	907.982140E-9	892.500000E+0	1.718611E-6	888.500000E+0	3.248473E-6
938.900000E+0	21.815167E-6	936.600000E+0	15.250893E-6	947.500000E+0	-365.577600E-9	943.200000E+0	-9.880521E-6	942.200000E+0	-24.879087E-6	939.600000E+0	20.955127E-6	943.900000E+0	13.528320E-6	944.600000E+0	6.618131E-6	945.700000E+0	4.702836E-6	943.400000E+0	3.892207E-6	936.700000E+0	3.735247E-6	941.300000E+0	1.774241E-6	945.900000E+0	2.493475E-6	942.500000E+0	2.223265E-6	939.400000E+0	1.317270E-6	936.400000E+0	2.179555E-6	948.200000E+0	1.597412E-6
988.900000E+0	21.117040E-6	991.500000E+0	13.170700E-6	994.900000E+0	-699.364340E-9	991.500000E+0	-12.797180E-6	997.400000E+0	-23.599573E-6	1.000400E+3	24.126093E-6	992.600000E+0	12.765380E-6	992.900000E+0	7.557907E-6	989.700000E+0	5.020729E-6	998.600000E+0	3.554443E-6	997.100000E+0	4.480312E-6	989.600000E+0	2.972300E-6	994.400000E+0	3.747167E-6	998.400000E+0	2.104056E-6	1.000300E+3	1.251706E-6	995.900000E+0	2.030543E-6	1.001700E+3	2.193463E-6
1.046600E+3	20.232673E-6	1.041800E+3	12.846853E-6	1.043700E+3	-2.298764E-6	1.048100E+3	-16.051647E-6	1.051300E+3	-21.088247E-6	1.049200E+3	24.471800E-6	1.048500E+3	11.889207E-6	1.048300E+3	7.615533E-6	1.050100E+3	5.118081E-6	1.054900E+3	3.260393E-6	1.053200E+3	3.188863E-6	1.054600E+3	2.187503E-6	1.050200E+3	2.135846E-6	1.046700E+3	2.715999E-6	1.048300E+3	1.943122E-6	1.044600E+3	981.496673E-9	1.045400E+3	2.666329E-6
1.101700E+3	19.473447E-6	1.097500E+3	15.298600E-6	1.103200E+3	-2.449765E-6	1.102000E+3	-15.904620E-6	1.095500E+3	-16.492720E-6	1.094500E+3	21.628653E-6	1.103100E+3	13.522360E-6	1.103300E+3	7.776471E-6	1.098300E+3	5.769760E-6	1.097000E+3	4.657139E-6	1.105700E+3	3.590207E-6	1.102700E+3	2.922629E-6	1.098500E+3	3.280257E-6	1.096400E+3	1.722583E-6	1.103200E+3	3.006075E-6	1.100000E+3	2.396121E-6	1.105200E+3	1.408665E-6
1.146500E+3	18.133593E-6	1.147400E+3	18.503380E-6	1.152000E+3	739.101200E-9	1.157500E+3	-16.568213E-6	1.154700E+3	-13.023680E-6	1.151800E+3	24.062520E-6	1.147500E+3	12.592513E-6	1.147400E+3	8.372523E-6	1.152900E+3	6.121425E-6	1.156200E+3	4.577667E-6	1.150100E+3	3.884257E-6	1.147400E+3	3.467024E-6	1.158400E+3	3.564376E-6	1.156100E+3	2.302739E-6	1.147200E+3	1.698743E-6	1.153600E+3	2.668315E-6	1.159000E+3	1.859674E-6
1.201400E+3	18.867487E-6	1.203200E+3	21.879000E-6	1.206600E+3	927.851200E-9	1.206800E+3	-18.068280E-6	1.198400E+3	-9.916284E-6	1.212000E+3	22.518740E-6	1.209900E+3	14.303173E-6	1.212100E+3	7.710902E-6	1.209200E+3	6.357858E-6	1.209900E+3	3.119324E-6	1.203000E+3	2.763685E-6	1.207600E+3	3.298143E-6	1.207300E+3	2.296779E-6	1.209500E+3	3.242512E-6	1.201000E+3	3.542524E-6	1.202000E+3	1.112626E-6	1.202400E+3	2.068293E-6
1.251600E+3	16.078473E-6	1.253700E+3	25.463220E-6	1.254800E+3	-409.287800E-9	1.255300E+3	-18.324587E-6	1.263500E+3	-4.857807E-6	1.257000E+3	21.706127E-6	1.264800E+3	14.062787E-6	1.256400E+3	7.245975E-6	1.252700E+3	5.751879E-6	1.264900E+3	5.392262E-6	1.259900E+3	4.122678E-6	1.256300E+3	3.298142E-6	1.256100E+3	3.524641E-6	1.253300E+3	1.806031E-6	1.262000E+3	3.459076E-6	1.263000E+3	2.580897E-6	1.258200E+3	941.758467E-9
1.302900E+3	12.529947E-6	1.307400E+3	24.604913E-6	1.303100E+3	1.768282E-6	1.308900E+3	-20.454447E-6	1.305900E+3	-1.062955E-6	1.310400E+3	22.904193E-6	1.313400E+3	13.577973E-6	1.310300E+3	7.436716E-6	1.311700E+3	6.427396E-6	1.306400E+3	4.629323E-6	1.311100E+3	4.678994E-6	1.314500E+3	2.936537E-6	1.314300E+3	3.331913E-6	1.312100E+3	3.353775E-6	1.308600E+3	1.446413E-6	1.305200E+3	2.342476E-6	1.312000E+3	2.217307E-6
1.356900E+3	9.175447E-6	1.357100E+3	29.005713E-6	1.367300E+3	2.030547E-6	1.363800E+3	-21.368380E-6	1.359500E+3	3.240524E-6	1.360300E+3	21.914753E-6	1.357700E+3	14.432320E-6	1.365500E+3	7.637386E-6	1.366800E+3	6.246597E-6	1.359300E+3	4.128640E-6	1.359500E+3	3.176943E-6	1.358100E+3	3.161049E-6	1.357500E+3	1.964977E-6	1.359500E+3	4.237918E-6	1.363600E+3	2.288831E-6	1.365500E+3	1.575558E-6	1.360300E+3	1.033153E-6
1.416300E+3	4.212333E-6	1.412800E+3	32.385427E-6	1.416200E+3	617.905687E-9	1.408200E+3	-18.580873E-6	1.414900E+3	7.706928E-6	1.416100E+3	21.543213E-6	1.419400E+3	14.974720E-6	1.413300E+3	7.911572E-6	1.415400E+3	5.610813E-6	1.414800E+3	5.046556E-6	1.420000E+3	3.846509E-6	1.419000E+3	3.486888E-6	1.413100E+3	2.942497E-6	1.409600E+3	2.572949E-6	1.411600E+3	3.081577E-6	1.412700E+3	3.327939E-6	1.420500E+3	1.311308E-6
1.470500E+3	-1.595427E-6	1.469500E+3	32.816567E-6	1.461400E+3	2.721959E-6	1.468900E+3	-17.827867E-6	1.463800E+3	11.102415E-6	1.472200E+3	22.687640E-6	1.475100E+3	12.924327E-6	1.470300E+3	8.555311E-6	1.472200E+3	7.641360E-6	1.471500E+3	5.559157E-6	1.468900E+3	4.867739E-6	1.472800E+3	2.847131E-6	1.462600E+3	2.805406E-6	1.471700E+3	3.014023E-6	1.468300E+3	1.394755E-6	1.469400E+3	1.951067E-6	1.470000E+3	3.383577E-6
1.518600E+3	-8.260009E-6	1.519900E+3	37.575000E-6	1.518400E+3	2.934551E-6	1.513900E+3	-15.310520E-6	1.518600E+3	13.357453E-6	1.515300E+3	21.062400E-6	1.518700E+3	15.280727E-6	1.525500E+3	9.173213E-6	1.520200E+3	5.881022E-6	1.526300E+3	4.233941E-6	1.524200E+3	3.782926E-6	1.516400E+3	3.290191E-6	1.528100E+3	2.616661E-6	1.525800E+3	3.067667E-6	1.517400E+3	2.813355E-6	1.518100E+3	2.078227E-6	1.518200E+3	2.016634E-6
1.579100E+3	-17.907820E-6	1.568100E+3	39.822093E-6	1.574400E+3	4.418719E-6	1.572600E+3	-9.356002E-6	1.575800E+3	16.896047E-6	1.569800E+3	20.887587E-6	1.574400E+3	13.826347E-6	1.569000E+3	8.893070E-6	1.576500E+3	6.061822E-6	1.576100E+3	4.750513E-6	1.572600E+3	5.008807E-6	1.571900E+3	3.737233E-6	1.578300E+3	2.988194E-6	1.581100E+3	2.235185E-6	1.577900E+3	2.402082E-6	1.571500E+3	2.060345E-6	1.572300E+3	1.502046E-6
1.628600E+3	-27.516100E-6	1.619800E+3	41.381753E-6	1.630800E+3	8.140059E-6	1.621400E+3	-4.174337E-6	1.630800E+3	18.535193E-6	1.627000E+3	21.940587E-6	1.625500E+3	12.983927E-6	1.624700E+3	9.437459E-6	1.621400E+3	6.681711E-6	1.626000E+3	5.537301E-6	1.629300E+3	4.251822E-6	1.628800E+3	3.465030E-6	1.622300E+3	3.067669E-6	1.624300E+3	3.592192E-6	1.622400E+3	796.719933E-9	1.621700E+3	1.738478E-6	1.633300E+3	2.415990E-6
1.677400E+3	-39.872527E-6	1.681700E+3	44.276553E-6	1.674500E+3	10.420939E-6	1.682800E+3	2.286845E-6	1.674400E+3	21.269027E-6	1.683100E+3	20.241860E-6	1.676400E+3	14.253527E-6	1.680800E+3	8.805649E-6	1.680800E+3	7.275783E-6	1.682500E+3	5.501538E-6	1.677800E+3	4.933307E-6	1.677100E+3	3.004089E-6	1.682100E+3	2.694145E-6	1.684900E+3	2.976277E-6	1.675700E+3	2.757723E-6	1.686100E+3	2.068293E-6	1.682600E+3	2.622619E-6
1.732900E+3	-56.752827E-6	1.732500E+3	46.028927E-6	1.736000E+3	15.272800E-6	1.731100E+3	9.828863E-6	1.730000E+3	24.875120E-6	1.739300E+3	20.074980E-6	1.731900E+3	14.124387E-6	1.736600E+3	7.770507E-6	1.729000E+3	6.212821E-6	1.731200E+3	5.853206E-6	1.727200E+3	5.308817E-6	1.738600E+3	2.847130E-6	1.738600E+3	3.749153E-6	1.729300E+3	1.525887E-6	1.730700E+3	2.086175E-6	1.736100E+3	2.127898E-6	1.736600E+3	2.602751E-6
1.781900E+3	-72.813733E-6	1.787800E+3	45.395133E-6	1.784900E+3	23.726747E-6	1.778200E+3	16.999347E-6	1.785200E+3	25.536727E-6	1.781700E+3	22.111460E-6	1.781200E+3	11.599113E-6	1.784500E+3	9.111621E-6	1.783900E+3	7.941372E-6	1.790700E+3	4.688928E-6	1.786800E+3	4.746545E-6	1.791500E+3	3.431261E-6	1.779800E+3	2.698119E-6	1.789000E+3	3.236551E-6	1.790100E+3	1.168257E-6	1.777800E+3	2.056373E-6	1.779400E+3	2.169621E-6
1.835200E+3	-96.644660E-6	1.835700E+3	47.113733E-6	1.833400E+3	30.543607E-6	1.834000E+3	26.085100E-6	1.840800E+3	27.638793E-6	1.837600E+3	19.506727E-6	1.836900E+3	14.480020E-6	1.832600E+3	7.736728E-6	1.839500E+3	7.937398E-6	1.839500E+3	5.602865E-6	1.831200E+3	3.592191E-6	1.835300E+3	2.594802E-6	1.840800E+3	2.614673E-6	1.843700E+3	2.793486E-6	1.839500E+3	2.803419E-6	1.833900E+3	2.541157E-6	1.839100E+3	437.103193E-9
1.888400E+3	-127.958067E-6	1.894800E+3	44.822920E-6	1.888500E+3	41.914213E-6	1.890700E+3	33.710627E-6	1.895800E+3	30.374693E-6	1.892300E+3	19.729247E-6	1.892700E+3	13.617747E-6	1.893200E+3	8.704323E-6	1.895000E+3	6.544618E-6	1.890200E+3	6.347925E-6	1.890800E+3	4.768400E-6	1.885000E+3	2.868986E-6	1.888800E+3	3.653782E-6	1.892900E+3	2.648448E-6	1.887400E+3	3.103429E-6	1.894300E+3	2.968328E-6	1.894500E+3	689.431760E-9
1.936900E+3	-157.247933E-6	1.940900E+3	39.555847E-6	1.939200E+3	52.555627E-6	1.939800E+3	39.945280E-6	1.939100E+3	30.658807E-6	1.949300E+3	21.992240E-6	1.949400E+3	14.325040E-6	1.948100E+3	8.930821E-6	1.938300E+3	6.735355E-6	1.947500E+3	4.138571E-6	1.939500E+3	4.468391E-6	1.938100E+3	3.584247E-6	1.938300E+3	2.763682E-6	1.942100E+3	3.258404E-6	1.943500E+3	1.813979E-6	1.938300E+3	1.396742E-6	1.943800E+3	4.200167E-6
1.996400E+3	-187.610467E-6	1.989800E+3	29.762733E-6	1.995600E+3	64.063500E-6	2.001200E+3	46.988560E-6	2.000700E+3	32.433107E-6	1.998300E+3	20.734567E-6	1.991900E+3	14.625060E-6	1.996200E+3	8.533457E-6	1.993600E+3	7.416847E-6	1.995300E+3	5.247226E-6	2.001200E+3	4.394873E-6	1.999600E+3	2.912695E-6	1.994800E+3	2.499433E-6	1.996600E+3	2.541158E-6	2.003400E+3	3.379602E-6	1.999400E+3	2.368303E-6	1.993100E+3	2.102071E-6
2.050000E+3	-209.201333E-6	2.053100E+3	4.738604E-6	2.054500E+3	78.666680E-6	2.052100E+3	52.585460E-6	2.045100E+3	34.938500E-6	2.048900E+3	21.054460E-6	2.048900E+3	14.396587E-6	2.056500E+3	8.734125E-6	2.049600E+3	6.447265E-6	2.052100E+3	5.791615E-6	2.044900E+3	5.253185E-6	2.048700E+3	4.102809E-6	2.055600E+3	4.168380E-6	2.045500E+3	2.014649E-6	2.045900E+3	2.799447E-6	2.053900E+3	2.408042E-6	2.054500E+3	790.760067E-9
2.098100E+3	-217.692933E-6	2.107300E+3	-32.884073E-6	2.110000E+3	92.600253E-6	2.100800E+3	58.329387E-6	2.100500E+3	34.000720E-6	2.105200E+3	22.943940E-6	2.109800E+3	13.822367E-6	2.106400E+3	8.724191E-6	2.098300E+3	7.563877E-6	2.106100E+3	4.448521E-6	2.099100E+3	4.714753E-6	2.098000E+3	4.804163E-6	2.099900E+3	2.517316E-6	2.107600E+3	3.896178E-6	2.097400E+3	2.596790E-6	2.108200E+3	2.167637E-6	2.108300E+3	2.463672E-6
2.159900E+3	-218.670600E-6	2.156100E+3	-78.239487E-6	2.155100E+3	102.826433E-6	2.157700E+3	64.669520E-6	2.157600E+3	37.420033E-6	2.161600E+3	21.861133E-6	2.159700E+3	15.632420E-6	2.162200E+3	8.191714E-6	2.155000E+3	6.427397E-6	2.162400E+3	6.165136E-6	2.155100E+3	4.432627E-6	2.154900E+3	2.461685E-6	2.155500E+3	3.021971E-6	2.156300E+3	3.667692E-6	2.152500E+3	3.141180E-6	2.157500E+3	2.002727E-6	2.162200E+3	2.290817E-6
2.203800E+3	-210.804533E-6	2.211800E+3	-128.331467E-6	2.210700E+3	116.072467E-6	2.202800E+3	70.020020E-6	2.208600E+3	39.563793E-6	2.205200E+3	23.494287E-6	2.214500E+3	14.154167E-6	2.206000E+3	8.583127E-6	2.215400E+3	7.404925E-6	2.206000E+3	5.946586E-6	2.204500E+3	4.464413E-6	2.204400E+3	3.951812E-6	2.205400E+3	4.341234E-6	2.216800E+3	2.920643E-6	2.217000E+3	1.990807E-6	2.206200E+3	2.743813E-6	2.209100E+3	2.815341E-6
2.263500E+3	-196.088400E-6	2.255000E+3	-166.371400E-6	2.264900E+3	122.792333E-6	2.255900E+3	74.017520E-6	2.266700E+3	38.935980E-6	2.259700E+3	24.261187E-6	2.257000E+3	14.452187E-6	2.260400E+3	10.166627E-6	2.257800E+3	9.111622E-6	2.265000E+3	4.907480E-6	2.263300E+3	4.168376E-6	2.256100E+3	4.448522E-6	2.258800E+3	2.606725E-6	2.264100E+3	3.860413E-6	2.265400E+3	1.970938E-6	2.265800E+3	1.964978E-6	2.268300E+3	2.507383E-6
2.306900E+3	-181.046000E-6	2.315500E+3	-190.350400E-6	2.308800E+3	118.639533E-6	2.318300E+3	81.499880E-6	2.317600E+3	42.810280E-6	2.320100E+3	23.734687E-6	2.312200E+3	15.978127E-6	2.314800E+3	9.232817E-6	2.318300E+3	6.520777E-6	2.320400E+3	6.965835E-6	2.317000E+3	5.825390E-6	2.317300E+3	2.855081E-6	2.312900E+3	3.504771E-6	2.318200E+3	3.016009E-6	2.314800E+3	2.495461E-6	2.309100E+3	2.811368E-6	2.317900E+3	137.091400E-9
2.368600E+3	-163.116933E-6	2.369700E+3	-199.378533E-6	2.360000E+3	94.634740E-6	2.369700E+3	89.198800E-6	2.373500E+3	43.724227E-6	2.361000E+3	26.170540E-6	2.368900E+3	14.658827E-6	2.369000E+3	9.304343E-6	2.362800E+3	7.947336E-6	2.370300E+3	6.765157E-6	2.361100E+3	6.039966E-6	2.361800E+3	4.172351E-6	2.362100E+3	3.957774E-6	2.367500E+3	2.078224E-6	2.368200E+3	2.553078E-6	2.371100E+3	2.702092E-6	2.367100E+3	2.843155E-6
2.417400E+3	-144.031800E-6	2.418600E+3	-195.683000E-6	2.415600E+3	43.549393E-6	2.420600E+3	96.192427E-6	2.417800E+3	45.979260E-6	2.416100E+3	26.271860E-6	2.418200E+3	15.850967E-6	2.424700E+3	10.828233E-6	2.423300E+3	7.675140E-6	2.424400E+3	5.348553E-6	2.417100E+3	4.174333E-6	2.421500E+3	3.707427E-6	2.423000E+3	2.916668E-6	2.428000E+3	2.741829E-6	2.422300E+3	2.185515E-6	2.424600E+3	1.509992E-6	2.420400E+3	3.397482E-6
2.467100E+3	-129.170267E-6	2.468100E+3	-181.733467E-6	2.471600E+3	-29.051461E-6	2.471200E+3	106.170267E-6	2.474100E+3	49.325067E-6	2.478100E+3	26.973213E-6	2.469800E+3	16.178800E-6	2.474100E+3	9.721571E-6	2.468400E+3	7.396973E-6	2.469500E+3	6.713499E-6	2.471300E+3	5.155832E-6	2.477700E+3	3.121311E-6	2.472000E+3	4.589588E-6	2.482300E+3	3.836575E-6	2.479400E+3	2.847130E-6	2.469000E+3	3.294168E-6	2.470100E+3	1.541782E-6
2.532000E+3	-114.949867E-6	2.523200E+3	-165.938333E-6	2.527900E+3	-97.326913E-6	2.532500E+3	115.786400E-6	2.530700E+3	52.986780E-6	2.526200E+3	28.733527E-6	2.531200E+3	17.056953E-6	2.528500E+3	11.018973E-6	2.533000E+3	8.614907E-6	2.534700E+3	6.206860E-6	2.527800E+3	5.745916E-6	2.531800E+3	4.537929E-6	2.533200E+3	4.170362E-6	2.532500E+3	3.033891E-6	2.522900E+3	1.901399E-6	2.523500E+3	2.481555E-6	2.531900E+3	1.597413E-6
2.577300E+3	-100.346840E-6	2.578300E+3	-148.116400E-6	2.576700E+3	-147.240200E-6	2.582200E+3	124.965867E-6	2.578800E+3	55.210033E-6	2.582100E+3	30.378667E-6	2.586000E+3	19.206733E-6	2.577000E+3	10.836175E-6	2.577800E+3	7.492345E-6	2.579100E+3	6.185005E-6	2.583400E+3	4.243879E-6	2.576100E+3	4.347194E-6	2.577200E+3	3.490867E-6	2.580900E+3	3.600141E-6	2.583800E+3	3.276289E-6	2.584300E+3	1.760333E-6	2.580400E+3	3.137207E-6
2.627700E+3	-91.064460E-6	2.634000E+3	-128.740867E-6	2.630500E+3	-174.934533E-6	2.630200E+3	130.570867E-6	2.634200E+3	62.927040E-6	2.630500E+3	32.222487E-6	2.629400E+3	18.048400E-6	2.627700E+3	11.162027E-6	2.633300E+3	8.140066E-6	2.628300E+3	7.520161E-6	2.637600E+3	5.275040E-6	2.636400E+3	3.157072E-6	2.627500E+3	3.874327E-6	2.630300E+3	3.403444E-6	2.632200E+3	3.230589E-6	2.632300E+3	2.807395E-6	2.633900E+3	760.956700E-9
2.689000E+3	-81.219740E-6	2.682800E+3	-114.655933E-6	2.691000E+3	-177.108133E-6	2.681400E+3	122.339133E-6	2.690200E+3	66.759647E-6	2.687000E+3	34.984180E-6	2.681600E+3	18.479560E-6	2.689200E+3	12.775307E-6	2.682800E+3	9.586480E-6	2.688900E+3	7.200271E-6	2.681000E+3	6.375741E-6	2.691300E+3	4.386926E-6	2.687000E+3	3.947838E-6	2.691000E+3	3.119324E-6	2.686100E+3	1.931201E-6	2.692100E+3	2.115975E-6	2.688500E+3	1.219916E-6
2.731100E+3	-71.259813E-6	2.737500E+3	-98.813053E-6	2.733300E+3	-170.498067E-6	2.741800E+3	89.963820E-6	2.739400E+3	71.609487E-6	2.734000E+3	34.485500E-6	2.740200E+3	19.765007E-6	2.742300E+3	11.682573E-6	2.741500E+3	9.268580E-6	2.735900E+3	8.012898E-6	2.733100E+3	4.641244E-6	2.733800E+3	4.313416E-6	2.740300E+3	3.449141E-6	2.743100E+3	3.602129E-6	2.733400E+3	2.185517E-6	2.740400E+3	2.739841E-6	2.739700E+3	2.874946E-6
2.791000E+3	-65.245693E-6	2.786200E+3	-86.784833E-6	2.783600E+3	-155.817467E-6	2.791300E+3	27.008993E-6	2.794200E+3	80.939593E-6	2.789700E+3	36.285560E-6	2.795800E+3	21.600827E-6	2.786300E+3	11.615033E-6	2.790800E+3	8.738099E-6	2.790500E+3	8.279143E-6	2.784700E+3	6.222755E-6	2.788900E+3	4.520047E-6	2.788900E+3	3.530601E-6	2.791800E+3	2.380225E-6	2.794200E+3	3.653783E-6	2.789100E+3	2.185515E-6	2.793100E+3	1.766292E-6
2.847600E+3	-58.104853E-6	2.841600E+3	-77.514307E-6	2.843400E+3	-136.173667E-6	2.846000E+3	-50.388091E-6	2.846200E+3	87.943140E-6	2.839100E+3	42.095013E-6	2.840400E+3	20.573633E-6	2.848200E+3	14.150193E-6	2.851200E+3	11.066673E-6	2.851300E+3	6.836683E-6	2.845100E+3	5.765785E-6	2.850300E+3	6.171097E-6	2.846000E+3	3.850481E-6	2.846200E+3	2.926601E-6	2.848200E+3	2.906734E-6	2.838500E+3	3.067668E-6	2.842700E+3	2.165647E-6
2.902000E+3	-50.656233E-6	2.902300E+3	-67.174900E-6	2.899600E+3	-117.845000E-6	2.891000E+3	-109.126740E-6	2.902200E+3	97.267280E-6	2.895500E+3	43.509613E-6	2.894100E+3	22.989633E-6	2.899000E+3	13.599847E-6	2.894500E+3	10.077215E-6	2.902000E+3	7.613547E-6	2.899900E+3	5.706181E-6	2.895000E+3	4.428652E-6	2.894800E+3	3.488873E-6	2.895100E+3	3.796837E-6	2.892500E+3	3.296153E-6	2.900200E+3	3.385564E-6	2.897500E+3	1.990807E-6
2.951800E+3	-47.338233E-6	2.947500E+3	-59.163833E-6	2.949100E+3	-102.816580E-6	2.946000E+3	-142.153933E-6	2.953600E+3	106.537867E-6	2.952200E+3	45.653413E-6	2.950400E+3	24.292973E-6	2.945200E+3	14.032973E-6	2.955500E+3	9.276525E-6	2.951000E+3	8.146026E-6	2.948700E+3	7.001587E-6	2.945800E+3	4.337257E-6	2.951000E+3	3.506760E-6	2.956200E+3	3.250460E-6	2.953300E+3	2.694145E-6	2.955800E+3	3.502785E-6	2.957700E+3	1.861661E-6
3.000000E+3	-41.636067E-6	3.001000E+3	-53.584813E-6	3.008000E+3	-87.513987E-6	3.009500E+3	-152.064400E-6	3.008200E+3	106.474267E-6	3.007200E+3	52.545693E-6	3.007300E+3	24.640687E-6	3.004100E+3	15.153580E-6	3.003700E+3	10.494457E-6	3.011000E+3	7.263849E-6	3.005000E+3	5.048543E-6	3.000000E+3	4.661112E-6	2.999300E+3	4.154473E-6	3.004500E+3	3.860416E-6	3.007500E+3	1.698742E-6	3.009300E+3	2.294793E-6	3.007800E+3	3.474969E-6
3.060200E+3	-36.531907E-6	3.061400E+3	-47.040213E-6	3.049400E+3	-77.424907E-6	3.059900E+3	-144.798533E-6	3.057300E+3	89.788873E-6	3.055900E+3	55.436520E-6	3.057300E+3	28.087813E-6	3.054700E+3	14.774053E-6	3.060100E+3	10.985180E-6	3.055000E+3	8.847374E-6	3.052800E+3	5.592932E-6	3.060800E+3	4.015389E-6	3.055500E+3	4.673033E-6	3.058500E+3	2.916671E-6	3.055900E+3	2.604737E-6	3.059300E+3	2.117962E-6	3.051800E+3	1.565624E-6
3.104200E+3	-33.780167E-6	3.113500E+3	-42.206273E-6	3.108400E+3	-68.076913E-6	3.104200E+3	-129.066800E-6	3.107900E+3	46.891253E-6	3.111000E+3	61.077240E-6	3.112100E+3	29.870007E-6	3.113800E+3	16.220547E-6	3.114500E+3	10.379231E-6	3.114900E+3	8.074496E-6	3.102900E+3	7.738719E-6	3.108900E+3	5.074371E-6	3.114700E+3	4.782309E-6	3.113200E+3	3.439208E-6	3.108500E+3	3.242507E-6	3.107300E+3	3.979626E-6	3.104800E+3	2.280883E-6
3.164000E+3	-29.335553E-6	3.163700E+3	-37.431947E-6	3.156500E+3	-58.545947E-6	3.164100E+3	-113.181733E-6	3.156300E+3	-20.724650E-6	3.166700E+3	69.439867E-6	3.167300E+3	30.786000E-6	3.157900E+3	18.304693E-6	3.163400E+3	11.775960E-6	3.163500E+3	8.076488E-6	3.157000E+3	7.240014E-6	3.157800E+3	5.312790E-6	3.165100E+3	3.731274E-6	3.161600E+3	4.776350E-6	3.162300E+3	3.274301E-6	3.167400E+3	2.924617E-6	3.157300E+3	1.974911E-6
3.213100E+3	-25.924160E-6	3.207500E+3	-33.505987E-6	3.209700E+3	-53.841113E-6	3.207600E+3	-96.242053E-6	3.216300E+3	-80.621680E-6	3.217200E+3	74.861913E-6	3.210900E+3	33.871547E-6	3.219000E+3	16.782800E-6	3.211300E+3	11.414347E-6	3.218200E+3	9.191095E-6	3.217700E+3	5.900889E-6	3.218000E+3	4.814098E-6	3.213400E+3	4.734625E-6	3.216800E+3	3.810750E-6	3.210800E+3	4.241891E-6	3.211000E+3	2.710039E-6	3.217800E+3	2.090148E-6
3.266200E+3	-24.420140E-6	3.259300E+3	-29.864067E-6	3.269200E+3	-47.882620E-6	3.266900E+3	-81.509807E-6	3.263700E+3	-114.868627E-6	3.271100E+3	84.102620E-6	3.270300E+3	37.197507E-6	3.261800E+3	18.314640E-6	3.266100E+3	11.501767E-6	3.266600E+3	9.876537E-6	3.260400E+3	7.222137E-6	3.265800E+3	6.085664E-6	3.267200E+3	5.239278E-6	3.260600E+3	3.469010E-6	3.265800E+3	3.214696E-6	3.264100E+3	2.771631E-6	3.265000E+3	1.811991E-6
3.314900E+3	-19.588180E-6	3.313000E+3	-27.865280E-6	3.319000E+3	-42.583767E-6	3.322200E+3	-72.209507E-6	3.313700E+3	-129.494133E-6	3.322100E+3	88.034540E-6	3.319200E+3	37.944540E-6	3.318000E+3	19.476920E-6	3.315300E+3	12.950193E-6	3.315500E+3	9.214934E-6	3.315600E+3	7.267823E-6	3.314700E+3	6.165136E-6	3.313500E+3	3.419339E-6	3.325000E+3	3.649809E-6	3.314300E+3	2.487515E-6	3.319900E+3	1.813977E-6	3.314300E+3	2.769644E-6
3.370900E+3	-17.758327E-6	3.373900E+3	-22.679680E-6	3.373900E+3	-40.314820E-6	3.371400E+3	-61.836207E-6	3.367000E+3	-123.980400E-6	3.373500E+3	81.851553E-6	3.368100E+3	44.165287E-6	3.373600E+3	19.443160E-6	3.370900E+3	12.163373E-6	3.371100E+3	9.888471E-6	3.372000E+3	8.247354E-6	3.375100E+3	4.663096E-6	3.377600E+3	4.810123E-6	3.379200E+3	3.486892E-6	3.370800E+3	3.137206E-6	3.373800E+3	2.898787E-6	3.375100E+3	1.525887E-6
3.427100E+3	-16.107260E-6	3.423000E+3	-23.168453E-6	3.418700E+3	-36.283580E-6	3.421200E+3	-54.528553E-6	3.422300E+3	-108.949933E-6	3.424800E+3	54.335893E-6	3.424300E+3	46.501793E-6	3.429200E+3	22.254493E-6	3.427400E+3	13.629653E-6	3.425900E+3	12.070000E-6	3.431100E+3	7.516189E-6	3.424700E+3	5.187619E-6	3.426900E+3	5.716115E-6	3.429500E+3	4.386926E-6	3.424300E+3	2.781562E-6	3.423400E+3	3.651799E-6	3.429600E+3	2.930580E-6
3.481500E+3	-12.566693E-6	3.482300E+3	-20.045167E-6	3.478200E+3	-31.564853E-6	3.474900E+3	-50.175440E-6	3.482400E+3	-94.495680E-6	3.480800E+3	2.364332E-6	3.474100E+3	53.111953E-6	3.478200E+3	23.728720E-6	3.473100E+3	15.513173E-6	3.481100E+3	9.312291E-6	3.481700E+3	7.271809E-6	3.479800E+3	7.124779E-6	3.485200E+3	5.090265E-6	3.484300E+3	4.782309E-6	3.474600E+3	3.113364E-6	3.473600E+3	1.414625E-6	3.478300E+3	2.986209E-6
3.526200E+3	-11.124267E-6	3.527200E+3	-16.409253E-6	3.527100E+3	-31.415820E-6	3.535400E+3	-43.211613E-6	3.530900E+3	-78.481900E-6	3.536100E+3	-55.873753E-6	3.534000E+3	59.320800E-6	3.527200E+3	23.977093E-6	3.532500E+3	13.883973E-6	3.536800E+3	11.597140E-6	3.526300E+3	7.559899E-6	3.525700E+3	5.708167E-6	3.536500E+3	4.913439E-6	3.534000E+3	3.459075E-6	3.528000E+3	3.570337E-6	3.532300E+3	3.685573E-6	3.533800E+3	2.676263E-6
3.586900E+3	-10.246095E-6	3.587500E+3	-15.513173E-6	3.581900E+3	-27.567260E-6	3.584600E+3	-39.706867E-6	3.586900E+3	-67.113313E-6	3.580500E+3	-91.290913E-6	3.589600E+3	64.313873E-6	3.587500E+3	26.691067E-6	3.581300E+3	15.481407E-6	3.580800E+3	12.970013E-6	3.589900E+3	8.378485E-6	3.590000E+3	6.548593E-6	3.580900E+3	4.746545E-6	3.582500E+3	4.007445E-6	3.589000E+3	3.087534E-6	3.586600E+3	3.951813E-6	3.582800E+3	2.753752E-6
3.635800E+3	-7.981121E-6	3.636700E+3	-13.097167E-6	3.635900E+3	-25.256580E-6	3.632800E+3	-38.051840E-6	3.640500E+3	-59.340700E-6	3.635800E+3	-106.627200E-6	3.633700E+3	69.443840E-6	3.632000E+3	30.221713E-6	3.637200E+3	17.321213E-6	3.636200E+3	10.703060E-6	3.639400E+3	8.328810E-6	3.634300E+3	6.661841E-6	3.635800E+3	4.241889E-6	3.632300E+3	4.412755E-6	3.637900E+3	3.316021E-6	3.634800E+3	2.674277E-6	3.636700E+3	3.103429E-6
3.684200E+3	-5.604853E-6	3.691400E+3	-10.391143E-6	3.693700E+3	-24.972480E-6	3.687400E+3	-32.836420E-6	3.688800E+3	-50.008527E-6	3.689500E+3	-106.561667E-6	3.684900E+3	70.079640E-6	3.686300E+3	30.313107E-6	3.692200E+3	18.555033E-6	3.694300E+3	12.886593E-6	3.693100E+3	9.038109E-6	3.689300E+3	5.761813E-6	3.694600E+3	5.666444E-6	3.686300E+3	3.240521E-6	3.686200E+3	4.055127E-6	3.694100E+3	3.465034E-6	3.689600E+3	2.225253E-6
3.743600E+3	-4.309443E-6	3.739800E+3	-11.183873E-6	3.738400E+3	-21.426007E-6	3.742100E+3	-30.905220E-6	3.736200E+3	-46.402440E-6	3.737000E+3	-94.159880E-6	3.744400E+3	54.848467E-6	3.740400E+3	35.794800E-6	3.738800E+3	18.868967E-6	3.744100E+3	13.117047E-6	3.739900E+3	10.365333E-6	3.737700E+3	6.455211E-6	3.743300E+3	6.461172E-6	3.740800E+3	5.217422E-6	3.744600E+3	2.636526E-6	3.741400E+3	4.198179E-6	3.741500E+3	3.717367E-6
3.790100E+3	-1.412639E-6	3.793700E+3	-7.305584E-6	3.797300E+3	-19.725280E-6	3.791000E+3	-28.445453E-6	3.789700E+3	-42.323520E-6	3.792200E+3	-80.389247E-6	3.798000E+3	17.575525E-6	3.796100E+3	38.804860E-6	3.795700E+3	21.728007E-6	3.793600E+3	13.204460E-6	3.788500E+3	8.889096E-6	3.797200E+3	7.553931E-6	3.791600E+3	5.288949E-6	3.794100E+3	5.088279E-6	3.788800E+3	3.763059E-6	3.796800E+3	3.260395E-6	3.797300E+3	2.388173E-6
3.844600E+3	-3.272313E-6	3.842700E+3	-6.018111E-6	3.847200E+3	-19.540500E-6	3.850400E+3	-24.902953E-6	3.845200E+3	-36.931280E-6	3.847700E+3	-69.878953E-6	3.842400E+3	-28.465361E-6	3.840200E+3	41.500953E-6	3.850500E+3	21.016713E-6	3.849200E+3	13.822373E-6	3.843900E+3	8.807639E-6	3.845600E+3	7.234058E-6	3.841300E+3	5.565117E-6	3.843400E+3	3.023957E-6	3.843000E+3	5.247225E-6	3.850600E+3	3.842537E-6	3.846700E+3	1.557676E-6
3.897000E+3	-355.643507E-9	3.895800E+3	-6.192953E-6	3.896200E+3	-17.253673E-6	3.895600E+3	-25.161213E-6	3.894600E+3	-33.686793E-6	3.903300E+3	-58.549927E-6	3.895700E+3	-66.656273E-6	3.895300E+3	48.844260E-6	3.895400E+3	23.406873E-6	3.898300E+3	15.688053E-6	3.899900E+3	11.386533E-6	3.904900E+3	8.912939E-6	3.900400E+3	4.235925E-6	3.903500E+3	5.243252E-6	3.903100E+3	3.212708E-6	3.894900E+3	3.278270E-6	3.900400E+3	3.367676E-6
3.951300E+3	1.037128E-6	3.955600E+3	-4.303480E-6	3.951500E+3	-15.789387E-6	3.951000E+3	-23.617460E-6	3.948500E+3	-31.787367E-6	3.947600E+3	-50.376080E-6	3.951400E+3	-85.533140E-6	3.956300E+3	52.186093E-6	3.950400E+3	25.008233E-6	3.947800E+3	15.302580E-6	3.955500E+3	9.820918E-6	3.955100E+3	8.451991E-6	3.946200E+3	5.396238E-6	3.954700E+3	5.563129E-6	3.951700E+3	3.896181E-6	3.958000E+3	2.191474E-6	3.954400E+3	2.829251E-6
4.006700E+3	305.972027E-9	4.008700E+3	-3.051775E-6	4.005200E+3	-15.125753E-6	4.009900E+3	-20.410720E-6	4.007900E+3	-28.520940E-6	4.007400E+3	-45.230220E-6	4.007500E+3	-85.811280E-6	4.005500E+3	52.430467E-6	4.007000E+3	26.776500E-6	4.002500E+3	18.564960E-6	4.004300E+3	11.920980E-6	4.010300E+3	8.448014E-6	4.004500E+3	6.347923E-6	4.003200E+3	3.761075E-6	4.009700E+3	4.659125E-6	4.009400E+3	4.619387E-6	4.007600E+3	3.645837E-6
4.055600E+3	3.093501E-6	4.051900E+3	-2.670301E-6	4.058700E+3	-12.763413E-6	4.055300E+3	-19.918007E-6	4.052700E+3	-26.706987E-6	4.062000E+3	-39.069093E-6	4.055700E+3	-80.472693E-6	4.053900E+3	48.866113E-6	4.062600E+3	30.406487E-6	4.052900E+3	18.566960E-6	4.060300E+3	12.425613E-6	4.059000E+3	8.450010E-6	4.058300E+3	6.198914E-6	4.063300E+3	5.563129E-6	4.054400E+3	3.306087E-6	4.063700E+3	3.472979E-6	4.056000E+3	3.415363E-6
4.108400E+3	3.715375E-6	4.109700E+3	-1.035140E-6	4.107500E+3	-13.049493E-6	4.115400E+3	-19.439187E-6	4.107300E+3	-25.244673E-6	4.111700E+3	-35.759040E-6	4.111000E+3	-67.522593E-6	4.114300E+3	26.198380E-6	4.111400E+3	34.578867E-6	4.108800E+3	18.199380E-6	4.109200E+3	12.322313E-6	4.115100E+3	8.984465E-6	4.114900E+3	6.953909E-6	4.112800E+3	4.706806E-6	4.113600E+3	4.595548E-6	4.108500E+3	2.167633E-6	4.111600E+3	2.735867E-6
4.157800E+3	5.110135E-6	4.163800E+3	1.509994E-6	4.157100E+3	-12.205107E-6	4.168600E+3	-16.725173E-6	4.161700E+3	-20.825973E-6	4.167500E+3	-33.158293E-6	4.166900E+3	-55.400773E-6	4.163600E+3	-8.906977E-6	4.166500E+3	36.959080E-6	4.164800E+3	21.569047E-6	4.164200E+3	14.015080E-6	4.164100E+3	8.533457E-6	4.158300E+3	7.557911E-6	4.161700E+3	3.717362E-6	4.159200E+3	4.001484E-6	4.158900E+3	5.128014E-6	4.161000E+3	3.393510E-6
4.209400E+3	6.228715E-6	4.215800E+3	-83.447333E-9	4.215600E+3	-10.375256E-6	4.216900E+3	-17.625213E-6	4.215900E+3	-22.182980E-6	4.214900E+3	-28.773240E-6	4.209800E+3	-49.545600E-6	4.210700E+3	-39.845913E-6	4.215400E+3	42.198347E-6	4.218400E+3	20.893520E-6	4.208300E+3	14.855527E-6	4.215900E+3	9.810990E-6	4.220200E+3	6.030033E-6	4.215600E+3	5.767773E-6	4.217200E+3	4.138573E-6	4.217200E+3	3.329931E-6	4.213100E+3	2.819315E-6
4.264500E+3	11.986561E-6	4.269000E+3	2.263000E-6	4.262500E+3	-10.983207E-6	4.269800E+3	-15.930433E-6	4.270700E+3	-20.984920E-6	4.273200E+3	-27.748067E-6	4.269700E+3	-41.711560E-6	4.265400E+3	-60.433507E-6	4.274300E+3	45.178560E-6	4.262400E+3	23.816147E-6	4.268100E+3	13.643553E-6	4.264000E+3	9.451363E-6	4.266400E+3	6.318121E-6	4.264100E+3	5.340604E-6	4.266000E+3	5.388289E-6	4.265600E+3	3.186875E-6	4.272700E+3	2.408039E-6
4.319700E+3	12.302467E-6	4.319000E+3	2.102071E-6	4.318300E+3	-10.369285E-6	4.319100E+3	-14.295247E-6	4.315600E+3	-18.594793E-6	4.323800E+3	-25.244673E-6	4.323100E+3	-36.343180E-6	4.319400E+3	-66.004660E-6	4.324800E+3	46.899167E-6	4.322700E+3	27.603033E-6	4.316700E+3	15.463527E-6	4.324800E+3	9.946084E-6	4.325900E+3	6.429383E-6	4.323700E+3	3.518677E-6	4.321700E+3	4.285595E-6	4.321300E+3	4.019361E-6	4.323000E+3	3.073627E-6
4.370200E+3	7.826139E-6	4.372100E+3	2.622619E-6	4.372100E+3	-8.525509E-6	4.368000E+3	-14.927053E-6	4.378200E+3	-18.404040E-6	4.367900E+3	-22.175027E-6	4.372100E+3	-34.928560E-6	4.373000E+3	-59.116153E-6	4.374600E+3	45.903753E-6	4.378700E+3	27.988473E-6	4.372200E+3	15.747647E-6	4.368800E+3	11.783920E-6	4.379300E+3	6.892313E-6	4.372800E+3	5.757839E-6	4.377100E+3	4.035255E-6	4.369600E+3	2.270950E-6	4.370900E+3	4.220034E-6
4.420100E+3	7.927473E-6	4.421200E+3	4.768399E-6	4.425600E+3	-7.261870E-6	4.427400E+3	-13.039560E-6	4.429100E+3	-17.430527E-6	4.428000E+3	-22.254500E-6	4.425700E+3	-29.440867E-6	4.431300E+3	-53.469573E-6	4.429700E+3	30.859480E-6	4.427500E+3	31.278733E-6	4.427700E+3	16.713240E-6	4.424100E+3	10.478560E-6	4.425100E+3	7.130743E-6	4.428000E+3	6.083677E-6	4.426600E+3	5.835323E-6	4.423300E+3	3.820681E-6	4.426600E+3	2.340488E-6
4.474800E+3	8.712270E-6	4.477300E+3	3.643853E-6	4.473500E+3	-7.154574E-6	4.481300E+3	-12.282593E-6	4.473700E+3	-14.301227E-6	4.483000E+3	-20.766380E-6	4.479500E+3	-26.967247E-6	4.481800E+3	-44.101707E-6	4.474900E+3	3.139195E-6	4.482100E+3	34.902733E-6	4.482400E+3	19.210687E-6	4.479600E+3	12.493187E-6	4.479900E+3	7.953292E-6	4.482800E+3	4.973044E-6	4.484400E+3	5.571077E-6	4.482800E+3	4.955160E-6	4.484200E+3	3.520669E-6
4.530600E+3	10.037484E-6	4.525700E+3	4.239901E-6	4.533400E+3	-6.177057E-6	4.525200E+3	-11.815693E-6	4.536200E+3	-15.328407E-6	4.527600E+3	-18.066260E-6	4.532800E+3	-25.181087E-6	4.536500E+3	-36.305433E-6	4.534100E+3	-27.175899E-6	4.533200E+3	37.795540E-6	4.526800E+3	19.836540E-6	4.534400E+3	12.062053E-6	4.528200E+3	6.955900E-6	4.536600E+3	5.815457E-6	4.529900E+3	5.604853E-6	4.527400E+3	2.990181E-6	4.535000E+3	3.548485E-6
4.578500E+3	10.075235E-6	4.585500E+3	5.602865E-6	4.582300E+3	-6.630059E-6	4.584900E+3	-11.074600E-6	4.580100E+3	-13.170673E-6	4.587000E+3	-18.390147E-6	4.586700E+3	-22.026013E-6	4.581100E+3	-32.717220E-6	4.582500E+3	-51.693367E-6	4.581600E+3	42.687100E-6	4.586200E+3	20.641200E-6	4.583500E+3	12.219000E-6	4.587100E+3	8.356623E-6	4.587200E+3	5.366434E-6	4.585500E+3	6.035992E-6	4.580500E+3	4.822045E-6	4.583900E+3	3.407415E-6
4.638400E+3	11.881263E-6	4.629900E+3	5.886981E-6	4.635600E+3	-5.408157E-6	4.637500E+3	-10.005683E-6	4.629400E+3	-13.005773E-6	4.640000E+3	-16.747027E-6	4.635900E+3	-21.036580E-6	4.640400E+3	-27.408313E-6	4.641700E+3	-59.370433E-6	4.630500E+3	47.010420E-6	4.630800E+3	24.231400E-6	4.641900E+3	14.120407E-6	4.631400E+3	9.302356E-6	4.635900E+3	6.369778E-6	4.634100E+3	5.676379E-6	4.640600E+3	5.102187E-6	4.642400E+3	3.494839E-6
4.686100E+3	11.817680E-6	4.683800E+3	6.002217E-6	4.680000E+3	-4.919400E-6	4.689900E+3	-10.283865E-6	4.688300E+3	-13.013720E-6	4.687600E+3	-16.580147E-6	4.684300E+3	-21.273000E-6	4.683800E+3	-23.675087E-6	4.685200E+3	-55.063007E-6	4.684200E+3	43.948700E-6	4.689400E+3	24.857253E-6	4.682000E+3	14.366773E-6	4.689900E+3	7.847995E-6	4.692500E+3	6.463159E-6	4.692100E+3	4.977017E-6	4.692000E+3	3.463048E-6	4.685300E+3	3.443177E-6
4.736900E+3	10.752745E-6	4.737000E+3	8.187746E-6	4.739000E+3	-6.089638E-6	4.740100E+3	-9.793101E-6	4.732700E+3	-11.533553E-6	4.736800E+3	-16.206613E-6	4.738800E+3	-16.611933E-6	4.739300E+3	-22.802873E-6	4.745000E+3	-48.925720E-6	4.734500E+3	36.992860E-6	4.738000E+3	26.536100E-6	4.736500E+3	14.325060E-6	4.744800E+3	10.856054E-6	4.738200E+3	5.962481E-6	4.736800E+3	6.147255E-6	4.745900E+3	4.353151E-6	4.740500E+3	2.982237E-6
4.796000E+3	12.429607E-6	4.792500E+3	6.792972E-6	4.793200E+3	-4.462427E-6	4.793500E+3	-8.579153E-6	4.792200E+3	-11.263347E-6	4.796700E+3	-14.257487E-6	4.787900E+3	-16.492740E-6	4.794100E+3	-19.850467E-6	4.794300E+3	-40.620787E-6	4.790200E+3	15.240994E-6	4.793500E+3	31.195287E-6	4.787600E+3	16.321840E-6	4.794400E+3	11.962707E-6	4.788200E+3	7.450617E-6	4.792200E+3	5.400210E-6	4.798200E+3	5.255173E-6	4.794400E+3	3.824650E-6
4.841200E+3	13.707160E-6	4.850300E+3	8.740083E-6	4.847900E+3	-3.089523E-6	4.841700E+3	-8.346690E-6	4.845000E+3	-11.936893E-6	4.845800E+3	-13.272033E-6	4.843500E+3	-16.319847E-6	4.842800E+3	-18.602720E-6	4.843000E+3	-34.199393E-6	4.845100E+3	-16.673501E-6	4.848200E+3	33.126513E-6	4.847400E+3	17.180160E-6	4.843400E+3	9.155332E-6	4.847700E+3	8.354643E-6	4.847300E+3	7.089017E-6	4.843400E+3	3.923991E-6	4.849700E+3	4.015388E-6
4.896800E+3	12.775327E-6	4.897100E+3	9.258647E-6	4.891400E+3	-2.537184E-6	4.895700E+3	-7.102924E-6	4.894400E+3	-10.405053E-6	4.901200E+3	-14.227687E-6	4.896300E+3	-15.719840E-6	4.903100E+3	-16.695373E-6	4.902900E+3	-31.787367E-6	4.893900E+3	-41.594347E-6	4.892800E+3	37.978327E-6	4.900800E+3	17.480160E-6	4.898600E+3	10.722953E-6	4.896600E+3	7.130735E-6	4.895500E+3	5.809495E-6	4.898900E+3	5.296895E-6	4.898300E+3	2.835209E-6
4.944900E+3	13.703173E-6	4.944800E+3	8.060580E-6	4.950100E+3	-1.694767E-6	4.944000E+3	-6.598263E-6	4.949400E+3	-9.340101E-6	4.952000E+3	-12.040207E-6	4.949700E+3	-15.278733E-6	4.952600E+3	-13.846220E-6	4.956700E+3	-24.714180E-6	4.948700E+3	-54.486827E-6	4.947000E+3	41.965880E-6	4.951100E+3	20.188200E-6	4.953500E+3	12.332247E-6	4.951200E+3	8.644711E-6	4.949000E+3	5.173712E-6	4.947700E+3	4.839927E-6	4.946700E+3	4.235925E-6
5.005100E+3	15.151553E-6	4.996800E+3	9.520909E-6	5.003700E+3	-2.471621E-6	5.004100E+3	-7.249948E-6	5.002600E+3	-8.706310E-6	5.000500E+3	-11.899127E-6	5.000700E+3	-13.562120E-6	5.006800E+3	-14.442260E-6	5.001600E+3	-22.600200E-6	4.998100E+3	-56.841207E-6	5.006700E+3	40.529413E-6	5.006900E+3	21.584947E-6	5.002500E+3	11.434220E-6	5.006400E+3	8.261263E-6	5.003700E+3	6.630053E-6	5.003400E+3	5.161791E-6	5.008600E+3	4.378983E-6
5.053500E+3	14.106487E-6	5.060000E+3	9.687805E-6	5.052400E+3	-1.506019E-6	5.057800E+3	-5.185635E-6	5.051200E+3	-8.465905E-6	5.055700E+3	-11.140140E-6	5.051300E+3	-11.662727E-6	5.051300E+3	-13.579987E-6	5.051100E+3	-21.944560E-6	5.052700E+3	-49.340967E-6	5.057800E+3	37.257107E-6	5.061400E+3	24.479740E-6	5.060400E+3	13.852180E-6	5.054800E+3	7.383067E-6	5.052600E+3	6.735353E-6	5.056600E+3	5.189606E-6	5.059700E+3	3.504771E-6
5.109000E+3	15.252920E-6	5.110300E+3	9.455341E-6	5.102100E+3	-800.693867E-9	5.106000E+3	-6.395613E-6	5.106700E+3	-8.970558E-6	5.114500E+3	-10.560022E-6	5.110000E+3	-12.175293E-6	5.111600E+3	-11.469980E-6	5.110600E+3	-17.704680E-6	5.112400E+3	-42.873853E-6	5.112400E+3	21.652493E-6	5.112900E+3	27.322893E-6	5.106000E+3	14.229687E-6	5.113500E+3	9.115589E-6	5.107400E+3	7.265835E-6	5.111900E+3	5.449881E-6	5.109900E+3	3.661731E-6
5.163800E+3	15.692000E-6	5.154800E+3	11.050773E-6	5.159500E+3	-1.575558E-6	5.155200E+3	-6.592303E-6	5.160800E+3	-9.151358E-6	5.164500E+3	-10.355379E-6	5.164700E+3	-11.489847E-6	5.160700E+3	-12.421673E-6	5.166000E+3	-16.093353E-6	5.162100E+3	-36.521980E-6	5.161900E+3	-5.086295E-6	5.162000E+3	28.699753E-6	5.165600E+3	15.280740E-6	5.159700E+3	9.554689E-6	5.165400E+3	7.776466E-6	5.156000E+3	4.678993E-6	5.158600E+3	4.490245E-6
5.206300E+3	14.531667E-6	5.213100E+3	11.702440E-6	5.211700E+3	-1.066930E-6	5.208700E+3	-5.586971E-6	5.213700E+3	-6.910197E-6	5.215700E+3	-10.095105E-6	5.211800E+3	-10.037488E-6	5.214100E+3	-11.489860E-6	5.218000E+3	-16.468880E-6	5.215600E+3	-29.653467E-6	5.209400E+3	-29.923693E-6	5.209100E+3	31.272773E-6	5.213300E+3	16.057600E-6	5.211900E+3	9.133473E-6	5.214000E+3	8.173842E-6	5.210200E+3	5.445906E-6	5.216300E+3	3.278271E-6
5.261400E+3	16.774847E-6	5.263400E+3	11.328923E-6	5.266500E+3	387.433093E-9	5.261700E+3	-5.712142E-6	5.266700E+3	-8.467893E-6	5.264900E+3	-9.731511E-6	5.265100E+3	-10.353387E-6	5.263500E+3	-9.558657E-6	5.268000E+3	-13.881987E-6	5.259500E+3	-26.142720E-6	5.268300E+3	-47.185260E-6	5.263500E+3	35.073600E-6	5.267600E+3	17.182153E-6	5.259800E+3	10.099083E-6	5.263600E+3	7.178425E-6	5.258300E+3	6.143282E-6	5.264900E+3	4.277653E-6
5.310100E+3	16.667553E-6	5.317800E+3	12.576647E-6	5.315300E+3	103.315033E-9	5.310000E+3	-4.818069E-6	5.315000E+3	-7.190338E-6	5.312300E+3	-10.746772E-6	5.313300E+3	-9.777199E-6	5.311300E+3	-10.649421E-6	5.312400E+3	-12.880620E-6	5.318800E+3	-24.394307E-6	5.320700E+3	-52.005273E-6	5.318600E+3	36.136527E-6	5.312200E+3	18.203387E-6	5.319500E+3	10.357364E-6	5.311800E+3	8.702333E-6	5.312900E+3	5.378356E-6	5.318100E+3	4.078968E-6
5.365400E+3	16.665560E-6	5.366900E+3	11.158049E-6	5.363700E+3	431.142173E-9	5.370100E+3	-3.222644E-6	5.369100E+3	-6.028046E-6	5.367800E+3	-9.113607E-6	5.371300E+3	-9.095727E-6	5.365000E+3	-10.085174E-6	5.371800E+3	-13.240227E-6	5.368900E+3	-19.997480E-6	5.370300E+3	-45.758720E-6	5.367300E+3	33.772213E-6	5.371700E+3	19.627920E-6	5.372900E+3	10.546116E-6	5.371400E+3	8.189727E-6	5.368200E+3	5.501537E-6	5.367300E+3	4.504147E-6
5.420300E+3	16.615907E-6	5.425300E+3	10.989167E-6	5.423100E+3	1.074876E-6	5.418400E+3	-4.625349E-6	5.424000E+3	-7.073114E-6	5.425300E+3	-7.023443E-6	5.424400E+3	-9.248712E-6	5.424800E+3	-9.179173E-6	5.427400E+3	-11.388513E-6	5.427000E+3	-19.466987E-6	5.418800E+3	-39.732687E-6	5.426400E+3	26.589767E-6	5.420300E+3	21.249173E-6	5.417300E+3	12.795187E-6	5.425800E+3	7.609576E-6	5.426500E+3	6.467135E-6	5.426200E+3	5.640615E-6
5.474800E+3	17.960973E-6	5.478200E+3	12.801147E-6	5.468100E+3	1.382836E-6	5.466900E+3	-4.037243E-6	5.473000E+3	-6.234675E-6	5.474300E+3	-8.088409E-6	5.469500E+3	-8.384443E-6	5.472900E+3	-7.730771E-6	5.476100E+3	-11.698453E-6	5.479300E+3	-17.267567E-6	5.472600E+3	-35.035847E-6	5.475700E+3	5.122048E-6	5.475900E+3	23.315460E-6	5.475900E+3	13.456787E-6	5.475100E+3	8.738099E-6	5.471600E+3	6.759196E-6	5.476800E+3	4.673034E-6
5.529800E+3	17.072853E-6	5.524500E+3	12.483253E-6	5.527100E+3	645.720767E-9	5.530600E+3	-2.849117E-6	5.530900E+3	-6.419451E-6	5.531700E+3	-8.056614E-6	5.528300E+3	-8.104304E-6	5.532000E+3	-7.756591E-6	5.531000E+3	-11.475940E-6	5.525300E+3	-16.075467E-6	5.528100E+3	-28.254720E-6	5.524200E+3	-18.990129E-6	5.524500E+3	27.428187E-6	5.531000E+3	12.072007E-6	5.528900E+3	9.934167E-6	5.530600E+3	7.210204E-6	5.525300E+3	4.792243E-6
5.575600E+3	17.460300E-6	5.579800E+3	12.968047E-6	5.580400E+3	1.390783E-6	5.580500E+3	-3.765043E-6	5.581300E+3	-5.074371E-6	5.582800E+3	-7.092985E-6	5.577700E+3	-8.630811E-6	5.581600E+3	-7.214178E-6	5.584200E+3	-8.942741E-6	5.581400E+3	-14.056820E-6	5.576800E+3	-25.759260E-6	5.577300E+3	-34.817267E-6	5.584200E+3	28.542780E-6	5.585000E+3	14.869427E-6	5.582100E+3	9.826874E-6	5.581600E+3	6.864503E-6	5.584300E+3	5.680351E-6
5.629900E+3	18.797427E-6	5.635000E+3	14.170060E-6	5.629300E+3	971.561140E-9	5.625200E+3	-3.912077E-6	5.629900E+3	-5.056490E-6	5.632000E+3	-7.168485E-6	5.632700E+3	-7.619500E-6	5.626700E+3	-7.357231E-6	5.638800E+3	-8.463919E-6	5.635600E+3	-14.303207E-6	5.632600E+3	-22.661813E-6	5.632800E+3	-44.350073E-6	5.635900E+3	30.007100E-6	5.635700E+3	14.996600E-6	5.626800E+3	10.760683E-6	5.630600E+3	7.289681E-6	5.633800E+3	5.614787E-6
5.683600E+3	17.488113E-6	5.678100E+3	13.663433E-6	5.677100E+3	2.078227E-6	5.682800E+3	-2.986207E-6	5.683900E+3	-5.153843E-6	5.685500E+3	-7.134711E-6	5.684400E+3	-6.922115E-6	5.687200E+3	-6.568461E-6	5.682300E+3	-8.555307E-6	5.686600E+3	-11.922987E-6	5.687400E+3	-19.466980E-6	5.679700E+3	-42.500333E-6	5.683400E+3	32.194680E-6	5.684700E+3	16.723200E-6	5.684400E+3	11.169960E-6	5.687200E+3	8.757968E-6	5.686600E+3	4.953173E-6
5.733900E+3	20.080913E-6	5.738300E+3	13.182600E-6	5.735700E+3	2.261016E-6	5.735400E+3	-3.234560E-6	5.736900E+3	-5.229343E-6	5.734400E+3	-6.912181E-6	5.733000E+3	-7.049283E-6	5.736300E+3	-5.298881E-6	5.741100E+3	-7.387045E-6	5.736200E+3	-11.990520E-6	5.739000E+3	-19.455080E-6	5.732200E+3	-35.955733E-6	5.738600E+3	25.620187E-6	5.738900E+3	19.695487E-6	5.732800E+3	11.493827E-6	5.737000E+3	7.230072E-6	5.734300E+3	5.261133E-6
5.788400E+3	19.769013E-6	5.791500E+3	15.117813E-6	5.784300E+3	1.573573E-6	5.791300E+3	-2.684211E-6	5.781200E+3	-3.912076E-6	5.792300E+3	-5.761812E-6	5.792000E+3	-6.900259E-6	5.784800E+3	-6.451239E-6	5.790300E+3	-8.563259E-6	5.784300E+3	-12.044173E-6	5.787700E+3	-17.943080E-6	5.791700E+3	-32.584107E-6	5.792600E+3	11.569321E-6	5.788800E+3	20.841867E-6	5.787600E+3	12.542827E-6	5.786300E+3	8.869231E-6	5.787700E+3	4.265735E-6
5.842300E+3	18.930547E-6	5.833300E+3	13.939607E-6	5.842100E+3	3.016009E-6	5.835400E+3	-2.372277E-6	5.840500E+3	-4.923373E-6	5.842400E+3	-6.781053E-6	5.844000E+3	-6.971787E-6	5.837800E+3	-5.753864E-6	5.838900E+3	-6.981727E-6	5.843200E+3	-9.944091E-6	5.842300E+3	-14.038940E-6	5.840400E+3	-27.897073E-6	5.845600E+3	-7.691026E-6	5.843900E+3	21.986280E-6	5.838500E+3	13.194547E-6	5.838900E+3	9.530841E-6	5.845700E+3	5.161792E-6
5.891700E+3	21.596867E-6	5.892200E+3	14.058807E-6	5.891400E+3	3.431253E-6	5.893600E+3	-3.935917E-6	5.885300E+3	-4.879663E-6	5.895200E+3	-5.797575E-6	5.887900E+3	-6.204873E-6	5.891400E+3	-5.785655E-6	5.891300E+3	-5.517431E-6	5.896400E+3	-10.252067E-6	5.895600E+3	-14.388620E-6	5.888700E+3	-23.319427E-6	5.895600E+3	-27.332867E-6	5.892600E+3	25.351960E-6	5.896100E+3	12.948173E-6	5.896400E+3	8.509615E-6	5.895000E+3	6.655881E-6
5.946900E+3	19.584207E-6	5.942600E+3	15.737713E-6	5.944500E+3	2.024582E-6	5.943900E+3	-1.941136E-6	5.947400E+3	-3.333906E-6	5.948600E+3	-6.306201E-6	5.950300E+3	-6.296266E-6	5.944200E+3	-6.012152E-6	5.949600E+3	-6.868477E-6	5.940700E+3	-10.160662E-6	5.940900E+3	-13.021687E-6	5.943600E+3	-21.612753E-6	5.945400E+3	-35.542487E-6	5.940700E+3	25.032100E-6	5.941900E+3	14.990633E-6	5.946400E+3	9.109634E-6	5.939500E+3	6.339977E-6
5.995300E+3	20.613400E-6	5.997600E+3	14.879347E-6	5.993900E+3	4.361099E-6	5.997200E+3	-2.274924E-6	5.990900E+3	-4.263748E-6	5.994200E+3	-6.824769E-6	5.994200E+3	-6.641973E-6	6.000700E+3	-6.049899E-6	5.999400E+3	-6.643959E-6	5.994600E+3	-9.153345E-6	6.000200E+3	-11.160027E-6	5.996300E+3	-19.147120E-6	5.993600E+3	-36.033220E-6	6.000200E+3	26.796380E-6	5.992900E+3	15.072100E-6	6.000000E+3	10.148750E-6	6.002000E+3	6.073745E-6
6.052800E+3	21.100173E-6	6.051500E+3	15.461540E-6	6.047200E+3	3.502787E-6	6.045900E+3	-2.618645E-6	6.052400E+3	-3.999495E-6	6.046800E+3	-4.454481E-6	6.049400E+3	-5.116095E-6	6.047500E+3	-5.342591E-6	6.053500E+3	-5.958507E-6	6.052900E+3	-8.032767E-6	6.044900E+3	-12.745507E-6	6.045100E+3	-15.942367E-6	6.048100E+3	-34.948440E-6	6.044600E+3	25.351960E-6	6.047300E+3	17.525867E-6	6.050700E+3	10.651403E-6	6.051900E+3	6.419449E-6
6.099000E+3	20.535900E-6	6.101900E+3	15.785400E-6	6.099600E+3	3.536561E-6	6.098100E+3	-927.850867E-9	6.102700E+3	-2.938525E-6	6.095900E+3	-5.894929E-6	6.104000E+3	-5.581012E-6	6.101300E+3	-5.078344E-6	6.101900E+3	-5.817442E-6	6.105400E+3	-7.045308E-6	6.104400E+3	-10.210337E-6	6.104000E+3	-15.562880E-6	6.106400E+3	-29.136880E-6	6.103500E+3	15.992013E-6	6.102400E+3	19.661713E-6	6.104400E+3	12.459420E-6	6.100300E+3	6.177057E-6
6.152200E+3	20.359073E-6	6.145600E+3	16.208600E-6	6.151100E+3	3.975653E-6	6.150300E+3	-1.903385E-6	6.154300E+3	-3.608087E-6	6.156000E+3	-4.839927E-6	6.154900E+3	-5.551209E-6	6.148000E+3	-3.749153E-6	6.154000E+3	-5.521406E-6	6.153800E+3	-6.868471E-6	6.151400E+3	-8.130122E-6	6.155600E+3	-13.526347E-6	6.155100E+3	-23.438647E-6	6.155800E+3	1.283495E-6	6.153200E+3	20.804120E-6	6.151800E+3	12.135553E-6	6.156900E+3	7.782424E-6
6.205400E+3	22.369740E-6	6.203500E+3	16.961627E-6	6.204900E+3	4.029303E-6	6.203300E+3	-1.150376E-6	6.207000E+3	-2.553077E-6	6.206400E+3	-4.120697E-6	6.208000E+3	-5.819429E-6	6.208100E+3	-4.196197E-6	6.207400E+3	-4.341235E-6	6.207100E+3	-7.029412E-6	6.208700E+3	-9.034135E-6	6.205800E+3	-12.590533E-6	6.203200E+3	-22.792920E-6	6.204500E+3	-15.022437E-6	6.201500E+3	23.041293E-6	6.208300E+3	11.777960E-6	6.201800E+3	7.542017E-6
6.258200E+3	20.849820E-6	6.253700E+3	17.762300E-6	6.257700E+3	4.820058E-6	6.259100E+3	-351.669273E-9	6.256000E+3	-1.625227E-6	6.258100E+3	-5.292921E-6	6.256400E+3	-4.569719E-6	6.258900E+3	-4.508127E-6	6.256200E+3	-6.248583E-6	6.255900E+3	-6.832714E-6	6.258500E+3	-10.077213E-6	6.250700E+3	-11.322960E-6	6.255900E+3	-18.203380E-6	6.256700E+3	-29.051473E-6	6.256400E+3	25.779127E-6	6.259900E+3	14.561487E-6	6.260700E+3	7.633409E-6
6.304800E+3	21.038580E-6	6.311400E+3	16.298027E-6	6.306200E+3	4.694887E-6	6.308600E+3	-886.127200E-9	6.304700E+3	-2.638513E-6	6.311200E+3	-4.033271E-6	6.310300E+3	-5.298882E-6	6.311600E+3	-4.037245E-6	6.312600E+3	-3.798824E-6	6.312300E+3	-6.524751E-6	6.306800E+3	-8.273183E-6	6.302900E+3	-9.912307E-6	6.312700E+3	-15.391993E-6	6.310800E+3	-31.109853E-6	6.310200E+3	24.257213E-6	6.305400E+3	14.187960E-6	6.310000E+3	8.406296E-6
6.357900E+3	22.345893E-6	6.361700E+3	16.725173E-6	6.361800E+3	4.045195E-6	6.356000E+3	-703.338460E-9	6.362000E+3	-2.729908E-6	6.363100E+3	-4.798202E-6	6.358200E+3	-4.388916E-6	6.363900E+3	-4.245866E-6	6.362200E+3	-3.701469E-6	6.361500E+3	-7.106899E-6	6.364300E+3	-8.360599E-6	6.355600E+3	-10.794451E-6	6.361400E+3	-15.576760E-6	6.358700E+3	-30.344893E-6	6.353700E+3	24.489680E-6	6.358500E+3	15.252900E-6	6.356700E+3	8.694388E-6
6.412500E+3	20.309407E-6	6.414400E+3	16.641733E-6	6.407500E+3	4.227986E-6	6.408800E+3	-566.247860E-9	6.414500E+3	-3.411393E-6	6.409100E+3	-4.142548E-6	6.406400E+3	-4.645217E-6	6.413400E+3	-3.967706E-6	6.414800E+3	-6.560519E-6	6.410400E+3	-5.839297E-6	6.409300E+3	-8.126157E-6	6.414700E+3	-10.583849E-6	6.410000E+3	-13.202473E-6	6.413600E+3	-27.541453E-6	6.408100E+3	20.651147E-6	6.415400E+3	17.827847E-6	6.414900E+3	9.294411E-6
6.465600E+3	22.312113E-6	6.465200E+3	15.852960E-6	6.461800E+3	4.522035E-6	6.462000E+3	-435.115760E-9	6.467100E+3	-3.260391E-6	6.457800E+3	-4.251825E-6	6.467600E+3	-5.137951E-6	6.465500E+3	-3.129260E-6	6.463800E+3	-4.549851E-6	6.467600E+3	-6.290306E-6	6.464200E+3	-6.330043E-6	6.467100E+3	-7.190346E-6	6.465000E+3	-11.734233E-6	6.462300E+3	-23.003527E-6	6.458800E+3	8.144028E-6	6.465900E+3	17.400687E-6	6.459800E+3	10.363318E-6
6.512300E+3	23.551913E-6	6.515700E+3	17.148360E-6	6.515000E+3	4.456469E-6	6.515100E+3	-331.801120E-9	6.517600E+3	-2.320622E-6	6.515100E+3	-4.021349E-6	6.518000E+3	-4.680980E-6	6.514800E+3	-3.014023E-6	6.520500E+3	-3.101442E-6	6.514000E+3	-6.137321E-6	6.518200E+3	-8.664587E-6	6.515800E+3	-8.356628E-6	6.520300E+3	-12.801147E-6	6.517400E+3	-18.864987E-6	6.513600E+3	-7.257897E-6	6.519100E+3	19.935887E-6	6.513200E+3	10.512340E-6
6.565900E+3	22.143233E-6	6.569900E+3	18.684173E-6	6.562700E+3	4.482298E-6	6.567900E+3	37.749900E-9	6.569800E+3	-1.347072E-6	6.563700E+3	-2.855079E-6	6.570000E+3	-3.339862E-6	6.571100E+3	-3.119324E-6	6.565300E+3	-4.607469E-6	6.571000E+3	-5.797575E-6	6.562700E+3	-6.133348E-6	6.568500E+3	-8.493720E-6	6.567500E+3	-9.777206E-6	6.565000E+3	-18.386167E-6	6.567500E+3	-20.305420E-6	6.568200E+3	22.540607E-6	6.572500E+3	11.259375E-6
6.622000E+3	22.481000E-6	6.622100E+3	16.190700E-6	6.621500E+3	6.000231E-6	6.620700E+3	574.194953E-9	6.618100E+3	-2.008690E-6	6.617800E+3	-3.085549E-6	6.619400E+3	-4.593559E-6	6.619600E+3	-2.729907E-6	6.619800E+3	-3.463047E-6	6.623100E+3	-5.120068E-6	6.621500E+3	-5.912809E-6	6.616600E+3	-8.227485E-6	6.616400E+3	-9.346073E-6	6.623400E+3	-15.342320E-6	6.621100E+3	-29.850133E-6	6.622400E+3	21.807480E-6	6.619000E+3	13.176673E-6
6.667200E+3	23.849913E-6	6.669800E+3	17.325200E-6	6.662700E+3	5.076359E-6	6.662800E+3	478.826867E-9	6.668400E+3	-1.764307E-6	6.669700E+3	-3.604112E-6	6.665800E+3	-3.184891E-6	6.666200E+3	-3.109390E-6	6.666400E+3	-4.331299E-6	6.670900E+3	-5.239277E-6	6.668500E+3	-5.380341E-6	6.667700E+3	-7.824150E-6	6.672800E+3	-9.044068E-6	6.670600E+3	-13.321707E-6	6.672300E+3	-29.579927E-6	6.669800E+3	22.282293E-6	6.672900E+3	13.150827E-6
6.720400E+3	22.151187E-6	6.723100E+3	18.197407E-6	6.716200E+3	4.347191E-6	6.723300E+3	-77.486420E-9	6.721200E+3	-570.220807E-9	6.717200E+3	-4.339245E-6	6.719000E+3	-3.264362E-6	6.723900E+3	-3.272311E-6	6.723200E+3	-3.824655E-6	6.714900E+3	-3.969692E-6	6.725100E+3	-4.718731E-6	6.721800E+3	-6.820789E-6	6.725600E+3	-7.891703E-6	6.717600E+3	-12.197167E-6	6.722000E+3	-27.531493E-6	6.717500E+3	21.682293E-6	6.719400E+3	12.950147E-6
6.769900E+3	22.691593E-6	6.768000E+3	17.951047E-6	6.773300E+3	6.347923E-6	6.772600E+3	11.920967E-9	6.774600E+3	-1.500057E-6	6.776600E+3	-2.753750E-6	6.770900E+3	-4.424681E-6	6.772200E+3	-3.552457E-6	6.775500E+3	-3.562390E-6	6.775800E+3	-4.814097E-6	6.769800E+3	-5.590945E-6	6.769300E+3	-5.986324E-6	6.774000E+3	-7.567840E-6	6.771900E+3	-10.591805E-6	6.773800E+3	-25.238707E-6	6.775500E+3	12.811091E-6	6.772900E+3	15.388033E-6
6.824900E+3	24.541360E-6	6.821500E+3	18.302727E-6	6.821200E+3	5.054504E-6	6.824000E+3	1.219916E-6	6.822500E+3	-1.233824E-6	6.826500E+3	-3.856443E-6	6.826800E+3	-3.598153E-6	6.819500E+3	-3.349797E-6	6.823900E+3	-3.916049E-6	6.820000E+3	-4.146522E-6	6.820800E+3	-6.115464E-6	6.826900E+3	-8.064561E-6	6.828900E+3	-8.056611E-6	6.819200E+3	-10.917633E-6	6.820900E+3	-19.741173E-6	6.823700E+3	784.800133E-9	6.820800E+3	15.745660E-6
6.875700E+3	21.797533E-6	6.877500E+3	17.951033E-6	6.876600E+3	6.399580E-6	6.868100E+3	828.509600E-9	6.870800E+3	-820.561733E-9	6.875700E+3	-3.300126E-6	6.876500E+3	-4.766414E-6	6.876400E+3	-2.559040E-6	6.872300E+3	-3.294165E-6	6.873500E+3	-4.718729E-6	6.875000E+3	-5.173713E-6	6.875600E+3	-6.123413E-6	6.878900E+3	-6.663829E-6	6.873300E+3	-9.735485E-6	6.869900E+3	-17.390767E-6	6.871500E+3	-12.878646E-6	6.875300E+3	17.907340E-6
6.919800E+3	24.312847E-6	6.927400E+3	18.348420E-6	6.923900E+3	6.606209E-6	6.928700E+3	135.104633E-9	6.928100E+3	-1.370913E-6	6.923300E+3	-3.568349E-6	6.929800E+3	-3.667686E-6	6.930400E+3	-2.179556E-6	6.928500E+3	-2.272937E-6	6.930300E+3	-5.435974E-6	6.927900E+3	-4.456470E-6	6.923200E+3	-4.784296E-6	6.926000E+3	-6.097585E-6	6.925400E+3	-7.824150E-6	6.929500E+3	-15.515153E-6	6.931400E+3	-25.073787E-6	6.929400E+3	20.484233E-6
6.973600E+3	24.718187E-6	6.975600E+3	18.733847E-6	6.978400E+3	6.127387E-6	6.978100E+3	-284.116887E-9	6.980300E+3	-1.233822E-6	6.975600E+3	-3.411385E-6	6.979100E+3	-2.894813E-6	6.979900E+3	-3.627957E-6	6.980500E+3	-3.814719E-6	6.975900E+3	-4.289577E-6	6.981200E+3	-4.875689E-6	6.980800E+3	-5.801548E-6	6.980500E+3	-7.094973E-6	6.981700E+3	-9.016251E-6	6.976600E+3	-12.727647E-6	6.980800E+3	-26.796380E-6	6.982100E+3	20.619347E-6
7.029700E+3	23.112800E-6	7.026300E+3	18.835200E-6	7.030300E+3	7.156567E-6	7.025900E+3	864.272067E-9	7.031500E+3	-1.297402E-6	7.026500E+3	-2.286843E-6	7.024400E+3	-3.725308E-6	7.028400E+3	-2.402082E-6	7.032100E+3	-2.559045E-6	7.032600E+3	-4.118705E-6	7.024700E+3	-4.086914E-6	7.028600E+3	-4.877676E-6	7.026600E+3	-5.489618E-6	7.032700E+3	-7.708915E-6	7.028700E+3	-12.719687E-6	7.029000E+3	-26.649367E-6	7.026100E+3	19.345800E-6
7.074700E+3	24.189667E-6	7.080100E+3	19.224607E-6	7.079200E+3	6.618132E-6	7.073500E+3	733.141340E-9	7.082200E+3	-2.008687E-6	7.078400E+3	-2.145781E-6	7.083800E+3	-4.154468E-6	7.075700E+3	-2.400096E-6	7.083900E+3	-2.290817E-6	7.081800E+3	-3.514705E-6	7.081800E+3	-4.170361E-6	7.080800E+3	-5.241265E-6	7.079300E+3	-5.626707E-6	7.077000E+3	-6.641975E-6	7.080700E+3	-12.276627E-6	7.082500E+3	-24.644640E-6	7.083600E+3	15.191307E-6
7.130400E+3	23.853880E-6	7.130000E+3	19.695467E-6	7.131000E+3	5.074367E-6	7.129200E+3	1.674900E-6	7.130500E+3	-1.154350E-6	7.132300E+3	-2.620632E-6	7.132000E+3	-3.679616E-6	7.132700E+3	-3.496823E-6	7.133200E+3	-2.380225E-6	7.131500E+3	-2.813353E-6	7.133600E+3	-4.347194E-6	7.131200E+3	-5.239277E-6	7.133400E+3	-4.708797E-6	7.128500E+3	-6.715487E-6	7.131800E+3	-9.648072E-6	7.128800E+3	-20.023300E-6	7.133500E+3	6.314155E-6
7.177600E+3	23.460500E-6	7.176100E+3	19.608067E-6	7.178500E+3	6.943979E-6	7.180700E+3	526.510500E-9	7.181400E+3	-1.277534E-6	7.183100E+3	-1.792123E-6	7.183200E+3	-3.695506E-6	7.177300E+3	-2.650433E-6	7.177000E+3	-2.417975E-6	7.178800E+3	-2.946470E-6	7.184100E+3	-4.446535E-6	7.174800E+3	-3.484902E-6	7.182700E+3	-4.382957E-6	7.181300E+3	-5.523393E-6	7.180700E+3	-9.572564E-6	7.181500E+3	-16.790733E-6	7.183100E+3	-4.527986E-6
7.230800E+3	25.475120E-6	7.231900E+3	19.045787E-6	7.231300E+3	7.162520E-6	7.227700E+3	427.168620E-9	7.232600E+3	-751.023667E-9	7.234600E+3	-1.589466E-6	7.231200E+3	-3.012036E-6	7.233700E+3	-1.563636E-6	7.235600E+3	-1.770267E-6	7.230300E+3	-3.804780E-6	7.229300E+3	-5.288948E-6	7.229600E+3	-5.207488E-6	7.234100E+3	-5.167751E-6	7.232400E+3	-4.877675E-6	7.231900E+3	-8.996385E-6	7.234600E+3	-16.496687E-6	7.234600E+3	-14.225720E-6
7.282800E+3	24.445967E-6	7.275800E+3	19.333880E-6	7.274700E+3	6.409516E-6	7.279300E+3	1.720597E-6	7.283500E+3	19.868360E-9	7.284900E+3	-3.155086E-6	7.283000E+3	-2.195449E-6	7.285400E+3	-3.272313E-6	7.279200E+3	-2.255055E-6	7.281500E+3	-3.000115E-6	7.280300E+3	-4.611441E-6	7.284600E+3	-4.599521E-6	7.280500E+3	-4.384942E-6	7.284600E+3	-5.948574E-6	7.283700E+3	-7.414861E-6	7.284900E+3	-12.602473E-6	7.282500E+3	-21.259113E-6
7.327700E+3	24.279067E-6	7.328500E+3	18.986187E-6	7.331600E+3	7.345318E-6	7.331700E+3	907.981927E-9	7.331400E+3	-1.084811E-6	7.335300E+3	-1.571583E-6	7.336000E+3	-4.043206E-6	7.329600E+3	-856.324373E-9	7.330800E+3	-2.115976E-6	7.336100E+3	-3.137206E-6	7.328000E+3	-4.023341E-6	7.332800E+3	-4.939267E-6	7.333200E+3	-4.343220E-6	7.332900E+3	-4.162414E-6	7.328000E+3	-8.404313E-6	7.332700E+3	-11.541507E-6	7.329300E+3	-21.674353E-6
7.379700E+3	25.876480E-6	7.380000E+3	19.077553E-6	7.384100E+3	6.485020E-6	7.382400E+3	1.355019E-6	7.378200E+3	-413.261173E-9	7.384500E+3	-2.612685E-6	7.385900E+3	-2.467647E-6	7.382400E+3	-1.843782E-6	7.382000E+3	-1.655031E-6	7.379300E+3	-4.323349E-6	7.384500E+3	-3.935918E-6	7.384900E+3	-4.889597E-6	7.380500E+3	-4.973043E-6	7.384600E+3	-4.818068E-6	7.382200E+3	-7.569834E-6	7.380200E+3	-12.125627E-6	7.385400E+3	-21.410093E-6
7.427700E+3	25.262540E-6	7.432800E+3	19.713367E-6	7.434000E+3	6.564487E-6	7.430800E+3	2.014647E-6	7.434100E+3	-49.670740E-9	7.433400E+3	-2.177567E-6	7.433000E+3	-2.247107E-6	7.433800E+3	-3.727298E-6	7.436500E+3	-2.626593E-6	7.436700E+3	-2.853090E-6	7.438100E+3	-3.190852E-6	7.432800E+3	-3.812729E-6	7.436300E+3	-3.759089E-6	7.435400E+3	-5.203513E-6	7.430000E+3	-6.643959E-6	7.433000E+3	-9.751377E-6	7.435600E+3	-19.914040E-6
7.484700E+3	25.628147E-6	7.483400E+3	19.508707E-6	7.476900E+3	8.219539E-6	7.483800E+3	1.506019E-6	7.476900E+3	-480.813973E-9	7.479300E+3	-959.640027E-9	7.483900E+3	-3.463047E-6	7.484300E+3	-1.160310E-6	7.484500E+3	-1.702715E-6	7.486300E+3	-3.051771E-6	7.486800E+3	-2.898789E-6	7.479100E+3	-3.276285E-6	7.485400E+3	-4.498186E-6	7.483500E+3	-4.688928E-6	7.484600E+3	-6.701579E-6	7.482800E+3	-10.055353E-6	7.482800E+3	-14.954900E-6
7.533100E+3	26.228140E-6	7.526800E+3	20.345167E-6	7.528800E+3	5.988309E-6	7.531800E+3	949.705733E-9	7.532800E+3	-347.695200E-9	7.529400E+3	-1.400718E-6	7.533800E+3	-3.476957E-6	7.533700E+3	-1.728543E-6	7.534600E+3	-2.568975E-6	7.536200E+3	-3.029919E-6	7.536400E+3	-3.957775E-6	7.530100E+3	-3.224627E-6	7.535800E+3	-4.259773E-6	7.529400E+3	-3.759087E-6	7.532100E+3	-6.288319E-6	7.529300E+3	-8.114225E-6	7.532700E+3	-14.247567E-6
7.581500E+3	24.457900E-6	7.576800E+3	21.519387E-6	7.579300E+3	7.549963E-6	7.580300E+3	1.084810E-6	7.580600E+3	-39.736567E-9	7.581900E+3	-3.115351E-6	7.583200E+3	-2.594804E-6	7.578800E+3	-2.076241E-6	7.582900E+3	-1.835833E-6	7.577200E+3	-2.272935E-6	7.583900E+3	-2.692159E-6	7.581600E+3	-4.021354E-6	7.581700E+3	-3.874325E-6	7.581300E+3	-4.559784E-6	7.582100E+3	-6.145269E-6	7.579200E+3	-7.027420E-6	7.577300E+3	-13.220387E-6
7.628700E+3	25.296313E-6	7.627800E+3	19.405400E-6	7.629200E+3	6.794959E-6	7.629900E+3	1.329191E-6	7.627400E+3	-864.271940E-9	7.631700E+3	-1.011298E-6	7.628900E+3	-1.792122E-6	7.631900E+3	-1.118588E-6	7.631700E+3	-1.388795E-6	7.632000E+3	-2.922629E-6	7.626600E+3	-2.348437E-6	7.624400E+3	-3.016009E-6	7.628300E+3	-2.729905E-6	7.630800E+3	-4.380970E-6	7.624500E+3	-5.318750E-6	7.629300E+3	-8.082444E-6	7.631900E+3	-8.893071E-6
7.678700E+3	26.816240E-6	7.677800E+3	20.261720E-6	7.677800E+3	7.265841E-6	7.673600E+3	2.187503E-6	7.679100E+3	625.851860E-9	7.677800E+3	-3.059721E-6	7.677500E+3	-1.664967E-6	7.673100E+3	-2.261018E-6	7.680100E+3	-2.670301E-6	7.676800E+3	-2.976273E-6	7.681300E+3	-3.182905E-6	7.679100E+3	-1.974913E-6	7.679500E+3	-3.111381E-6	7.674100E+3	-3.633915E-6	7.678000E+3	-4.915425E-6	7.679000E+3	-7.830115E-6	7.679700E+3	-9.383817E-6
7.728300E+3	24.801620E-6	7.727400E+3	21.042527E-6	7.725600E+3	7.408894E-6	7.723300E+3	3.667693E-6	7.719300E+3	-784.798493E-9	7.727400E+3	-1.446414E-6	7.727400E+3	-1.670927E-6	7.729100E+3	-2.056372E-6	7.726000E+3	-3.578286E-6	7.726200E+3	-1.176206E-6	7.729800E+3	-1.964979E-6	7.726200E+3	-2.872959E-6	7.728700E+3	-2.014647E-6	7.723600E+3	-4.104798E-6	7.724600E+3	-4.742571E-6	7.725600E+3	-5.652536E-6	7.726700E+3	-9.195071E-6
7.775100E+3	26.365240E-6	7.774600E+3	20.249780E-6	7.772100E+3	8.032778E-6	7.769400E+3	681.483473E-9	7.776100E+3	-802.680200E-9	7.777300E+3	-1.557674E-6	7.776700E+3	-1.964978E-6	7.776700E+3	-1.660992E-6	7.775900E+3	-1.659002E-6	7.775100E+3	-2.924618E-6	7.775600E+3	-2.731892E-6	7.775400E+3	-2.080215E-6	7.775200E+3	-3.119325E-6	7.773200E+3	-2.763683E-6	7.777200E+3	-4.146522E-6	7.777900E+3	-5.807507E-6	7.772600E+3	-8.247355E-6
7.820900E+3	26.720880E-6	7.823600E+3	20.504127E-6	7.816700E+3	8.108276E-6	7.824100E+3	2.882892E-6	7.822300E+3	280.143267E-9	7.822800E+3	-1.726557E-6	7.821500E+3	-1.192100E-6	7.825400E+3	-1.492112E-6	7.824700E+3	-2.714012E-6	7.823500E+3	-3.186877E-6	7.824300E+3	-3.627954E-6	7.824200E+3	-2.491487E-6	7.824000E+3	-3.039851E-6	7.824600E+3	-2.680236E-6	7.823600E+3	-3.457091E-6	7.821900E+3	-5.269081E-6	7.824700E+3	-8.231460E-6
7.869700E+3	25.506940E-6	7.872000E+3	21.366393E-6	7.870400E+3	8.259269E-6	7.870900E+3	2.537187E-6	7.867700E+3	953.678827E-9	7.871000E+3	-923.876667E-9	7.873400E+3	-1.863647E-6	7.873400E+3	-1.488136E-6	7.872700E+3	-2.863023E-6	7.872900E+3	-1.494097E-6	7.872300E+3	-1.682849E-6	7.873100E+3	-2.572949E-6	7.869400E+3	-3.512721E-6	7.871600E+3	-3.709418E-6	7.871700E+3	-3.739219E-6	7.872700E+3	-3.546497E-6	7.873400E+3	-6.842642E-6
