2pf_1.0_GHz	2pf_1.0_GHz	2pf_2.0_GHz	2pf_2.0_GHz	2pf_3.0_GHz	2pf_3.0_GHz	2pf_4.0_GHz	2pf_4.0_GHz	2pf_5.0_GHz	2pf_5.0_GHz	2pf_6.0_GHz	2pf_6.0_GHz	2pf_7.0_GHz	2pf_7.0_GHz	2pf_8.0_GHz	2pf_8.0_GHz	2pf_9.0_GHz	2pf_9.0_GHz	2pf_10.0_GHz	2pf_10.0_GHz	2pf_11.0_GHz	2pf_11.0_GHz	2pf_12.0_GHz	2pf_12.0_GHz	2pf_13.0_GHz	2pf_13.0_GHz	2pf_14.0_GHz	2pf_14.0_GHz	2pf_15.0_GHz	2pf_15.0_GHz	2pf_16.0_GHz	2pf_16.0_GHz	2pf_17.0_GHz	2pf_17.0_GHz

62.500000E+0	6.803166E-6	69.300000E+0	2.706813E-6	69.600000E+0	-1.271820E-6	71.000000E+0	-1.528557E-6	71.500000E+0	-2.445417E-6	70.600000E+0	-2.237172E-6	72.200000E+0	-1.227116E-6	71.000000E+0	-1.850300E-6	73.800000E+0	-1.113618E-6	71.500000E+0	26.511797E-9	73.500000E+0	910.775800E-9	71.000000E+0	2.142055E-9	74.800000E+0	-347.913288E-9	71.600000E+0	-73.730127E-9	74.300000E+0	419.004347E-9	74.000000E+0	106.109328E-9	74.800000E+0	253.786927E-9
111.000000E+0	15.739090E-6	120.400000E+0	3.928349E-6	112.400000E+0	-2.322299E-6	118.300000E+0	-2.380849E-6	118.000000E+0	-4.125603E-6	114.100000E+0	-3.983976E-6	120.700000E+0	-2.087729E-6	124.000000E+0	-2.779640E-6	122.800000E+0	-1.863833E-6	117.300000E+0	-161.243820E-9	120.200000E+0	1.371597E-6	113.700000E+0	117.254213E-9	127.000000E+0	-645.286067E-9	122.700000E+0	20.209803E-9	120.200000E+0	578.044600E-9	115.800000E+0	313.640267E-9	120.500000E+0	331.397333E-9
163.400000E+0	15.216390E-6	166.100000E+0	4.279643E-6	171.200000E+0	-2.050289E-6	171.300000E+0	-2.165835E-6	170.700000E+0	-3.993789E-6	170.400000E+0	-4.335399E-6	172.000000E+0	-1.521291E-6	170.100000E+0	-2.904935E-6	168.400000E+0	-1.873707E-6	167.700000E+0	-298.149133E-9	167.300000E+0	1.416177E-6	171.200000E+0	9.841029E-9	166.100000E+0	-622.499600E-9	172.900000E+0	77.672733E-9	171.300000E+0	592.759333E-9	173.600000E+0	414.719733E-9	167.400000E+0	181.050067E-9
209.400000E+0	16.670780E-6	220.400000E+0	4.033648E-6	217.500000E+0	-475.970627E-9	217.700000E+0	-2.459327E-6	223.200000E+0	-4.330431E-6	217.400000E+0	-4.489252E-6	218.100000E+0	-1.234195E-6	216.900000E+0	-2.867432E-6	220.000000E+0	-2.110329E-6	214.600000E+0	-336.395400E-9	222.000000E+0	1.570838E-6	222.800000E+0	47.715013E-9	217.000000E+0	-681.110733E-9	219.700000E+0	56.811005E-9	224.100000E+0	648.173133E-9	224.900000E+0	354.463133E-9	220.900000E+0	345.584667E-9
262.200000E+0	16.095980E-6	267.600000E+0	4.246613E-6	270.600000E+0	403.699333E-9	265.100000E+0	-2.391713E-6	270.500000E+0	-4.458644E-6	264.200000E+0	-5.047176E-6	265.500000E+0	-1.556123E-6	274.400000E+0	-2.816521E-6	267.000000E+0	-2.009871E-6	267.400000E+0	-271.451267E-9	268.600000E+0	1.711902E-6	270.000000E+0	128.554293E-9	266.200000E+0	-683.159667E-9	267.300000E+0	76.244787E-9	266.800000E+0	667.078933E-9	271.600000E+0	297.280000E-9	275.000000E+0	365.545933E-9
318.500000E+0	14.555140E-6	323.700000E+0	4.468887E-6	316.400000E+0	502.358467E-9	317.000000E+0	-2.095801E-6	322.300000E+0	-4.331735E-6	315.900000E+0	-5.223259E-6	322.100000E+0	-1.758903E-6	315.000000E+0	-2.577790E-6	318.500000E+0	-1.965353E-6	317.000000E+0	-194.150533E-9	319.300000E+0	1.682100E-6	322.400000E+0	83.943647E-9	325.800000E+0	-589.406600E-9	317.600000E+0	44.207065E-9	324.000000E+0	670.773267E-9	323.700000E+0	198.962533E-9	320.400000E+0	271.171800E-9
360.900000E+0	14.564450E-6	367.200000E+0	4.574687E-6	375.900000E+0	585.122667E-9	368.600000E+0	-1.960263E-6	371.300000E+0	-4.209793E-6	374.000000E+0	-5.815084E-6	374.100000E+0	-1.827635E-6	373.400000E+0	-2.547493E-6	376.000000E+0	-1.996708E-6	376.000000E+0	-318.017333E-9	366.300000E+0	1.738227E-6	369.200000E+0	-25.114790E-9	367.500000E+0	-517.073667E-9	370.200000E+0	23.935111E-9	371.100000E+0	636.221067E-9	371.500000E+0	370.233667E-9	373.900000E+0	282.937667E-9
410.200000E+0	15.599040E-6	420.500000E+0	4.644971E-6	416.600000E+0	505.091000E-9	426.600000E+0	-2.130011E-6	421.400000E+0	-4.579779E-6	425.600000E+0	-6.098702E-6	420.700000E+0	-2.154101E-6	420.800000E+0	-2.551653E-6	422.700000E+0	-2.254687E-6	423.000000E+0	-561.715267E-9	419.000000E+0	1.720905E-6	425.800000E+0	-58.766833E-9	417.900000E+0	-529.895267E-9	416.900000E+0	109.865493E-9	423.900000E+0	578.323933E-9	419.800000E+0	344.839533E-9	416.500000E+0	381.564600E-9
472.900000E+0	16.607820E-6	479.100000E+0	4.930326E-6	476.200000E+0	555.382200E-9	474.800000E+0	-2.127217E-6	471.500000E+0	-4.879415E-6	473.400000E+0	-6.122047E-6	468.900000E+0	-2.230533E-6	468.000000E+0	-2.308329E-6	475.000000E+0	-2.363650E-6	479.000000E+0	-751.829333E-9	478.800000E+0	1.698926E-6	476.700000E+0	63.019804E-9	470.200000E+0	-566.123600E-9	471.200000E+0	168.197733E-9	472.300000E+0	576.399333E-9	479.300000E+0	243.604333E-9	470.800000E+0	230.131000E-9
515.600000E+0	17.497430E-6	522.400000E+0	4.349181E-6	526.000000E+0	336.023000E-9	521.700000E+0	-2.131564E-6	518.800000E+0	-5.033269E-6	520.100000E+0	-6.049529E-6	527.800000E+0	-2.435361E-6	527.600000E+0	-2.398853E-6	522.500000E+0	-2.245682E-6	527.400000E+0	-669.252000E-9	521.300000E+0	1.600639E-6	524.600000E+0	130.106433E-9	522.300000E+0	-613.248400E-9	523.200000E+0	72.084773E-9	526.300000E+0	551.688067E-9	522.500000E+0	221.531667E-9	525.000000E+0	354.214733E-9
570.500000E+0	17.267200E-6	582.500000E+0	3.953675E-6	570.100000E+0	547.744933E-9	577.100000E+0	-1.897363E-6	582.500000E+0	-5.364011E-6	580.800000E+0	-5.753243E-6	581.000000E+0	-2.549788E-6	575.400000E+0	-2.500989E-6	572.000000E+0	-2.267412E-6	580.500000E+0	-721.468133E-9	576.200000E+0	1.606850E-6	572.900000E+0	48.149620E-9	576.200000E+0	-659.659467E-9	572.200000E+0	23.748853E-9	581.300000E+0	541.350467E-9	582.000000E+0	308.145533E-9	580.400000E+0	217.340600E-9
624.700000E+0	15.780450E-6	625.900000E+0	4.467148E-6	623.800000E+0	384.575867E-9	625.500000E+0	-2.056500E-6	632.400000E+0	-5.487568E-6	633.700000E+0	-5.980984E-6	629.100000E+0	-2.437101E-6	624.400000E+0	-2.608711E-6	636.600000E+0	-2.387119E-6	628.600000E+0	-579.037933E-9	631.900000E+0	1.705072E-6	624.800000E+0	83.943647E-9	625.100000E+0	-648.328267E-9	632.100000E+0	-4.377234E-9	629.400000E+0	582.359733E-9	625.100000E+0	285.265867E-9	628.400000E+0	203.929533E-9
671.300000E+0	16.113090E-6	681.600000E+0	4.550594E-6	684.600000E+0	396.496733E-9	685.100000E+0	-1.923129E-6	680.400000E+0	-5.656573E-6	682.000000E+0	-6.457198E-6	677.200000E+0	-2.261142E-6	684.200000E+0	-2.697249E-6	684.400000E+0	-2.343843E-6	682.100000E+0	-533.216600E-9	686.800000E+0	1.819439E-6	683.500000E+0	21.079035E-9	678.600000E+0	-620.481733E-9	686.800000E+0	33.248427E-9	689.200000E+0	437.599533E-9	685.400000E+0	339.903467E-9	678.800000E+0	279.988333E-9
725.200000E+0	16.288190E-6	736.600000E+0	4.648075E-6	727.600000E+0	652.860733E-9	728.400000E+0	-1.936293E-6	738.600000E+0	-6.276087E-6	730.200000E+0	-6.441925E-6	737.900000E+0	-2.427103E-6	737.500000E+0	-2.521353E-6	732.600000E+0	-2.470689E-6	735.300000E+0	-498.571600E-9	729.600000E+0	1.991555E-6	731.500000E+0	-40.202307E-9	730.600000E+0	-592.976667E-9	740.000000E+0	-6.426163E-9	731.900000E+0	413.757333E-9	733.300000E+0	249.595933E-9	733.100000E+0	217.620333E-9
783.200000E+0	15.384440E-6	789.300000E+0	4.503037E-6	785.800000E+0	575.436267E-9	787.200000E+0	-2.125479E-6	781.300000E+0	-6.694439E-6	788.600000E+0	-6.455462E-6	783.200000E+0	-2.443930E-6	783.400000E+0	-2.567671E-6	790.500000E+0	-2.423626E-6	781.500000E+0	-536.010867E-9	782.900000E+0	1.951509E-6	783.800000E+0	-42.468520E-9	789.500000E+0	-654.971800E-9	790.500000E+0	-28.312353E-9	786.000000E+0	535.886733E-9	786.200000E+0	238.264667E-9	791.200000E+0	245.560133E-9
825.100000E+0	15.670200E-6	837.300000E+0	4.594802E-6	833.300000E+0	1.056933E-6	830.100000E+0	-2.091208E-6	836.500000E+0	-7.295887E-6	836.300000E+0	-6.517424E-6	835.900000E+0	-2.392581E-6	837.000000E+0	-2.947837E-6	838.100000E+0	-2.343533E-6	833.700000E+0	-485.842600E-9	831.800000E+0	1.817949E-6	835.600000E+0	-7.916280E-9	841.800000E+0	-704.642400E-9	834.200000E+0	-65.596527E-9	833.400000E+0	500.806933E-9	841.100000E+0	298.583800E-9	834.600000E+0	239.754667E-9
884.400000E+0	15.560270E-6	884.800000E+0	4.891833E-6	888.800000E+0	377.001481E-9	889.700000E+0	-2.156337E-6	892.000000E+0	-8.049601E-6	889.400000E+0	-6.502647E-6	884.500000E+0	-2.427288E-6	884.500000E+0	-2.828193E-6	892.100000E+0	-2.419777E-6	894.100000E+0	-387.183533E-9	892.800000E+0	1.874577E-6	888.800000E+0	-28.312359E-9	889.900000E+0	-723.486133E-9	893.000000E+0	-61.374473E-9	893.600000E+0	487.302600E-9	884.700000E+0	268.564200E-9	894.700000E+0	211.845733E-9
939.200000E+0	16.551580E-6	939.900000E+0	4.928092E-6	936.700000E+0	-213.398420E-9	937.200000E+0	-2.129141E-6	934.900000E+0	-9.228347E-6	937.100000E+0	-6.576408E-6	943.600000E+0	-2.576489E-6	933.800000E+0	-2.759587E-6	944.400000E+0	-2.455416E-6	942.300000E+0	-354.339000E-9	936.500000E+0	1.810747E-6	947.100000E+0	80.590893E-9	941.700000E+0	-680.396933E-9	945.600000E+0	-45.541959E-9	941.100000E+0	559.914667E-9	938.700000E+0	337.947933E-9	949.000000E+0	217.992733E-9
981.400000E+0	16.877540E-6	988.300000E+0	5.068909E-6	996.700000E+0	-113.497687E-9	997.800000E+0	-1.731647E-6	999.000000E+0	-10.625387E-6	986.300000E+0	-6.512085E-6	992.300000E+0	-2.908349E-6	997.800000E+0	-2.520484E-6	992.700000E+0	-2.594059E-6	989.900000E+0	-495.342200E-9	996.100000E+0	1.809257E-6	990.600000E+0	6.550337E-9	995.900000E+0	-461.038000E-9	994.000000E+0	-108.530693E-9	994.600000E+0	564.757733E-9	988.900000E+0	288.711667E-9	998.100000E+0	174.375600E-9
1.035600E+3	17.249700E-6	1.044000E+3	4.963605E-6	1.039900E+3	35.638833E-9	1.047400E+3	-1.876248E-6	1.042500E+3	-11.993320E-6	1.051300E+3	-7.051507E-6	1.041000E+3	-2.981303E-6	1.047400E+3	-2.643915E-6	1.041200E+3	-2.506205E-6	1.043900E+3	-576.306000E-9	1.052700E+3	2.007695E-6	1.046100E+3	25.984018E-9	1.044200E+3	-459.858067E-9	1.042900E+3	-176.859200E-9	1.043300E+3	609.492267E-9	1.048400E+3	150.099067E-9	1.053500E+3	168.818733E-9
1.090800E+3	16.394740E-6	1.094600E+3	5.039975E-6	1.100300E+3	87.669020E-9	1.095500E+3	-1.707309E-6	1.098700E+3	-12.564340E-6	1.103200E+3	-6.880515E-6	1.092800E+3	-2.634415E-6	1.095400E+3	-2.687874E-6	1.095800E+3	-2.442751E-6	1.103600E+3	-516.701467E-9	1.096200E+3	2.053333E-6	1.095300E+3	91.425353E-9	1.097800E+3	-408.852467E-9	1.096700E+3	-153.017267E-9	1.103400E+3	641.250133E-9	1.096900E+3	154.724667E-9	1.096900E+3	251.458800E-9
1.150200E+3	16.239030E-6	1.154900E+3	4.782185E-6	1.148800E+3	-109.896592E-9	1.155300E+3	-1.666329E-6	1.154300E+3	-12.948233E-6	1.147300E+3	-7.206851E-6	1.150200E+3	-2.521354E-6	1.155500E+3	-2.676884E-6	1.150200E+3	-2.621501E-6	1.152800E+3	-596.298400E-9	1.155300E+3	2.126533E-6	1.154300E+3	84.502447E-9	1.146600E+3	-349.930733E-9	1.148800E+3	-117.161180E-9	1.151500E+3	559.076533E-9	1.151000E+3	242.642200E-9	1.157100E+3	178.287133E-9
1.197300E+3	16.633910E-6	1.198800E+3	4.826640E-6	1.197400E+3	-349.806533E-9	1.208800E+3	-1.861846E-6	1.197500E+3	-12.974313E-6	1.196700E+3	-7.041699E-6	1.204400E+3	-2.633300E-6	1.204000E+3	-2.458023E-6	1.210800E+3	-2.720408E-6	1.200900E+3	-652.363933E-9	1.210300E+3	2.069537E-6	1.208400E+3	38.525939E-9	1.200500E+3	-403.730067E-9	1.203000E+3	-107.909820E-9	1.208000E+3	549.980733E-9	1.207500E+3	222.090667E-9	1.206200E+3	231.527867E-9
1.252000E+3	15.723430E-6	1.253600E+3	4.445418E-6	1.258400E+3	-481.682667E-9	1.258300E+3	-2.241024E-6	1.252700E+3	-12.669947E-6	1.256600E+3	-7.044181E-6	1.252800E+3	-2.441632E-6	1.257300E+3	-2.696255E-6	1.260100E+3	-2.844273E-6	1.254900E+3	-560.846133E-9	1.253900E+3	1.956970E-6	1.255000E+3	22.631297E-9	1.260500E+3	-333.601600E-9	1.256200E+3	-88.103607E-9	1.252100E+3	501.210533E-9	1.263100E+3	183.161000E-9	1.261400E+3	267.353533E-9
1.305900E+3	14.413210E-6	1.307800E+3	4.669308E-6	1.305200E+3	-844.031200E-9	1.305200E+3	-2.720347E-6	1.307600E+3	-12.463273E-6	1.305500E+3	-6.909450E-6	1.301100E+3	-2.440577E-6	1.304100E+3	-2.523279E-6	1.312000E+3	-2.959385E-6	1.306900E+3	-603.687000E-9	1.312400E+3	1.992175E-6	1.313300E+3	-112.131753E-9	1.307100E+3	-314.447333E-9	1.308500E+3	-69.880613E-9	1.310000E+3	461.255200E-9	1.305400E+3	224.946667E-9	1.304700E+3	245.808667E-9
1.348300E+3	14.821870E-6	1.355400E+3	4.654656E-6	1.353700E+3	-1.167266E-6	1.365200E+3	-3.076235E-6	1.362100E+3	-12.214607E-6	1.357700E+3	-6.928821E-6	1.359600E+3	-2.435981E-6	1.364900E+3	-2.566615E-6	1.360500E+3	-2.526505E-6	1.361900E+3	-751.953600E-9	1.367400E+3	1.851228E-6	1.366600E+3	-106.357687E-9	1.367100E+3	-280.795467E-9	1.361400E+3	-74.226845E-9	1.357900E+3	379.360600E-9	1.362200E+3	175.058600E-9	1.359000E+3	361.758467E-9
1.406700E+3	14.114450E-6	1.410700E+3	4.173348E-6	1.414300E+3	-807.211933E-9	1.413700E+3	-3.671601E-6	1.412300E+3	-11.617693E-6	1.414000E+3	-6.705180E-6	1.407300E+3	-2.535137E-6	1.413400E+3	-2.453428E-6	1.413700E+3	-2.499126E-6	1.415300E+3	-521.791867E-9	1.410900E+3	1.750645E-6	1.419800E+3	-162.361467E-9	1.415700E+3	-352.507467E-9	1.409900E+3	-57.121447E-9	1.418900E+3	419.097133E-9	1.410400E+3	181.143000E-9	1.419500E+3	203.557200E-9
1.462500E+3	14.403890E-6	1.467500E+3	3.860168E-6	1.463000E+3	-1.105054E-6	1.463100E+3	-4.617775E-6	1.468300E+3	-10.830713E-6	1.468800E+3	-6.502897E-6	1.469000E+3	-2.199178E-6	1.461700E+3	-2.509743E-6	1.467500E+3	-2.400405E-6	1.464500E+3	-532.595533E-9	1.472100E+3	1.781255E-6	1.470200E+3	-279.802133E-9	1.469400E+3	-397.304067E-9	1.469100E+3	-15.366909E-9	1.468100E+3	472.834933E-9	1.466700E+3	222.711267E-9	1.463500E+3	208.865867E-9
1.510200E+3	15.278990E-6	1.512000E+3	3.272931E-6	1.523200E+3	-1.313855E-6	1.519000E+3	-5.132423E-6	1.523300E+3	-9.535623E-6	1.515800E+3	-6.451363E-6	1.517200E+3	-2.189555E-6	1.511500E+3	-2.340553E-6	1.516600E+3	-2.524955E-6	1.518300E+3	-395.441333E-9	1.515400E+3	1.847875E-6	1.517300E+3	-316.682533E-9	1.517900E+3	-380.415933E-9	1.523600E+3	-100.707560E-9	1.516600E+3	435.208933E-9	1.522500E+3	228.361533E-9	1.518000E+3	224.946733E-9
1.564800E+3	15.084880E-6	1.565300E+3	3.376369E-6	1.571200E+3	-1.713455E-6	1.572500E+3	-5.961549E-6	1.573000E+3	-8.828561E-6	1.569200E+3	-5.980610E-6	1.565800E+3	-2.263190E-6	1.571100E+3	-2.283307E-6	1.578400E+3	-2.402144E-6	1.566700E+3	-355.705000E-9	1.571400E+3	1.825337E-6	1.570800E+3	-182.043533E-9	1.571900E+3	-352.569467E-9	1.577700E+3	-232.583600E-9	1.572300E+3	439.741733E-9	1.572500E+3	281.788933E-9	1.567800E+3	226.654200E-9
1.624900E+3	15.099400E-6	1.621100E+3	2.834711E-6	1.620100E+3	-2.129887E-6	1.621100E+3	-6.606459E-6	1.626500E+3	-8.235371E-6	1.618200E+3	-5.684202E-6	1.630900E+3	-2.327702E-6	1.625800E+3	-2.455602E-6	1.625800E+3	-2.952989E-6	1.618000E+3	-250.837933E-9	1.627400E+3	1.983110E-6	1.620700E+3	-144.417887E-9	1.626900E+3	-339.996600E-9	1.625900E+3	-99.869287E-9	1.628500E+3	452.686800E-9	1.621700E+3	185.551653E-9	1.628500E+3	353.190400E-9
1.667600E+3	13.628270E-6	1.682400E+3	2.251829E-6	1.670400E+3	-2.936723E-6	1.682200E+3	-6.970482E-6	1.675100E+3	-8.547552E-6	1.680200E+3	-5.347560E-6	1.681400E+3	-2.260955E-6	1.674900E+3	-2.464605E-6	1.685000E+3	-2.578475E-6	1.683200E+3	-252.638133E-9	1.675800E+3	1.725005E-6	1.685900E+3	-143.145267E-9	1.675400E+3	-337.482133E-9	1.679900E+3	-113.901393E-9	1.682600E+3	387.618267E-9	1.683600E+3	135.725520E-9	1.684800E+3	369.271133E-9
1.722700E+3	13.105640E-6	1.726500E+3	1.673657E-6	1.725200E+3	-3.696621E-6	1.730800E+3	-7.383993E-6	1.724400E+3	-8.747599E-6	1.728800E+3	-5.261628E-6	1.729700E+3	-2.222957E-6	1.727700E+3	-2.352659E-6	1.735200E+3	-2.427165E-6	1.732600E+3	-273.499800E-9	1.732200E+3	1.607470E-6	1.728300E+3	-55.351913E-9	1.736800E+3	-419.935267E-9	1.728500E+3	-116.478160E-9	1.738800E+3	357.816000E-9	1.738600E+3	177.076533E-9	1.735400E+3	401.401800E-9
1.781400E+3	13.355210E-6	1.786000E+3	682.974000E-9	1.779600E+3	-4.501668E-6	1.778000E+3	-7.595594E-6	1.784700E+3	-8.259709E-6	1.776300E+3	-5.014891E-6	1.776700E+3	-2.208429E-6	1.776100E+3	-2.400219E-6	1.777900E+3	-2.530232E-6	1.780000E+3	-282.999533E-9	1.781700E+3	1.530854E-6	1.781300E+3	-137.929733E-9	1.789400E+3	-440.175867E-9	1.780300E+3	-37.718763E-9	1.780200E+3	282.099267E-9	1.786400E+3	396.310600E-9	1.782500E+3	312.336400E-9
1.827600E+3	13.024420E-6	1.834800E+3	-423.939843E-9	1.828200E+3	-5.466892E-6	1.828500E+3	-7.637512E-6	1.837800E+3	-7.803734E-6	1.837300E+3	-4.714384E-6	1.841500E+3	-2.037811E-6	1.834800E+3	-2.293801E-6	1.830800E+3	-2.498009E-6	1.840900E+3	-301.936667E-9	1.830600E+3	1.195825E-6	1.830800E+3	1.334910E-9	1.837800E+3	-331.087067E-9	1.834100E+3	-92.356587E-9	1.841400E+3	259.064600E-9	1.834200E+3	302.464200E-9	1.838100E+3	232.894000E-9
1.883000E+3	12.701810E-6	1.882700E+3	-1.878303E-6	1.893100E+3	-5.729589E-6	1.888100E+3	-7.519407E-6	1.891200E+3	-7.663352E-6	1.886100E+3	-4.787773E-6	1.881400E+3	-2.096609E-6	1.888100E+3	-2.453242E-6	1.884900E+3	-2.694394E-6	1.894400E+3	-237.364333E-9	1.896000E+3	1.204457E-6	1.888700E+3	-93.722607E-9	1.891400E+3	-414.564600E-9	1.887300E+3	-88.165733E-9	1.889800E+3	221.345600E-9	1.890600E+3	192.287867E-9	1.893500E+3	156.866667E-9
1.930600E+3	11.713100E-6	1.944700E+3	-3.203765E-6	1.944000E+3	-6.380829E-6	1.936200E+3	-7.434655E-6	1.939700E+3	-7.302342E-6	1.934900E+3	-4.567359E-6	1.940400E+3	-1.949952E-6	1.942800E+3	-2.391962E-6	1.946400E+3	-2.730341E-6	1.944600E+3	-281.819800E-9	1.946300E+3	1.369609E-6	1.945400E+3	-226.871400E-9	1.939800E+3	-436.978467E-9	1.948500E+3	-152.085933E-9	1.946500E+3	210.883533E-9	1.950900E+3	166.304067E-9	1.950400E+3	255.028933E-9
1.991000E+3	11.837920E-6	1.993700E+3	-4.729284E-6	1.987000E+3	-7.077770E-6	1.997900E+3	-6.996745E-6	1.988800E+3	-6.899081E-6	1.999700E+3	-4.378859E-6	1.999400E+3	-1.662169E-6	1.990900E+3	-2.389291E-6	1.995100E+3	-2.518312E-6	1.998400E+3	-157.766867E-9	1.999800E+3	1.344900E-6	1.999500E+3	-159.070867E-9	1.994500E+3	-535.638400E-9	1.996300E+3	-62.523133E-9	1.995200E+3	146.963667E-9	2.000600E+3	210.542000E-9	1.999200E+3	190.208000E-9
2.038700E+3	12.342300E-6	2.043100E+3	-6.532573E-6	2.048800E+3	-7.757904E-6	2.042100E+3	-6.776395E-6	2.053700E+3	-6.531643E-6	2.043100E+3	-4.481180E-6	2.049400E+3	-1.747541E-6	2.052700E+3	-2.257417E-6	2.043700E+3	-2.561587E-6	2.044900E+3	-100.955947E-9	2.043500E+3	1.327762E-6	2.053000E+3	-335.805733E-9	2.048900E+3	-456.381133E-9	2.054800E+3	-63.702853E-9	2.046200E+3	57.587080E-9	2.054200E+3	189.680267E-9	2.048100E+3	242.580133E-9
2.092100E+3	13.307180E-6	2.096700E+3	-8.468881E-6	2.102400E+3	-8.173345E-6	2.102100E+3	-6.397221E-6	2.093700E+3	-6.007431E-6	2.104300E+3	-4.449269E-6	2.103700E+3	-1.669187E-6	2.101800E+3	-2.155716E-6	2.105100E+3	-2.361601E-6	2.104700E+3	-205.761267E-9	2.105100E+3	1.284737E-6	2.096100E+3	-269.060533E-9	2.097800E+3	-364.925000E-9	2.097100E+3	-57.276643E-9	2.100700E+3	74.971927E-9	2.104100E+3	101.669793E-9	2.098000E+3	191.511933E-9
2.146300E+3	14.492560E-6	2.158800E+3	-9.877417E-6	2.153700E+3	-8.934981E-6	2.152000E+3	-6.174201E-6	2.159200E+3	-5.735362E-6	2.158400E+3	-4.517813E-6	2.158000E+3	-1.441011E-6	2.151000E+3	-2.336889E-6	2.155100E+3	-2.566677E-6	2.149000E+3	6.829743E-9	2.149600E+3	1.387555E-6	2.154600E+3	-208.182800E-9	2.159700E+3	-348.968333E-9	2.156500E+3	-1.924733E-9	2.161300E+3	141.127187E-9	2.153000E+3	151.589007E-9	2.153400E+3	204.736733E-9
2.201700E+3	14.748480E-6	2.207700E+3	-9.599510E-6	2.207800E+3	-9.697299E-6	2.201300E+3	-5.827065E-6	2.202400E+3	-5.437463E-6	2.207700E+3	-4.333287E-6	2.200400E+3	-1.372031E-6	2.211600E+3	-2.274615E-6	2.208500E+3	-2.559599E-6	2.202800E+3	-109.772467E-9	2.214500E+3	1.462617E-6	2.203900E+3	-214.205267E-9	2.208000E+3	-426.019800E-9	2.210700E+3	-32.130793E-9	2.209800E+3	153.638133E-9	2.214200E+3	125.822560E-9	2.213800E+3	183.781867E-9
2.248700E+3	15.379590E-6	2.255600E+3	-8.482420E-6	2.260500E+3	-10.718840E-6	2.260300E+3	-5.543944E-6	2.261700E+3	-5.220962E-6	2.259700E+3	-4.411270E-6	2.253400E+3	-1.411149E-6	2.263800E+3	-2.266047E-6	2.256100E+3	-2.296034E-6	2.260200E+3	-112.939067E-9	2.258200E+3	1.608091E-6	2.256600E+3	-235.129267E-9	2.256000E+3	-268.936467E-9	2.263400E+3	-93.753600E-9	2.267600E+3	188.966267E-9	2.266300E+3	74.195720E-9	2.266200E+3	220.320800E-9
2.302600E+3	14.716450E-6	2.310900E+3	-7.494330E-6	2.308300E+3	-11.724153E-6	2.309100E+3	-5.895985E-6	2.311200E+3	-4.769022E-6	2.314200E+3	-4.602749E-6	2.306100E+3	-1.473609E-6	2.318100E+3	-2.547803E-6	2.309300E+3	-2.158199E-6	2.318100E+3	434.606667E-12	2.310700E+3	1.497327E-6	2.309000E+3	-243.231800E-9	2.309000E+3	-305.227267E-9	2.317100E+3	-78.107367E-9	2.312600E+3	199.117933E-9	2.319800E+3	254.035733E-9	2.310200E+3	255.245933E-9
2.361400E+3	14.058930E-6	2.371900E+3	-5.601749E-6	2.362800E+3	-12.843187E-6	2.363800E+3	-5.715059E-6	2.365700E+3	-5.035689E-6	2.362700E+3	-4.248722E-6	2.367700E+3	-906.120000E-9	2.362800E+3	-2.412823E-6	2.365800E+3	-2.284239E-6	2.368900E+3	-7.574801E-9	2.366200E+3	1.474105E-6	2.363100E+3	-238.078533E-9	2.363000E+3	-428.472867E-9	2.359900E+3	-55.941787E-9	2.373900E+3	354.059533E-9	2.364400E+3	313.081467E-9	2.371800E+3	312.833067E-9
2.405400E+3	15.312520E-6	2.421700E+3	-4.280507E-6	2.413800E+3	-14.242647E-6	2.413600E+3	-6.151353E-6	2.414600E+3	-4.909155E-6	2.417400E+3	-4.205882E-6	2.421500E+3	-1.056437E-6	2.424100E+3	-2.516510E-6	2.416100E+3	-2.184277E-6	2.417000E+3	-91.270033E-9	2.422300E+3	1.446041E-6	2.425300E+3	-240.468867E-9	2.417300E+3	-285.669533E-9	2.423400E+3	-76.058480E-9	2.422800E+3	216.347333E-9	2.426300E+3	314.757867E-9	2.416500E+3	239.351533E-9
2.460500E+3	15.556570E-6	2.476000E+3	-2.649689E-6	2.476100E+3	-14.681047E-6	2.474400E+3	-6.671651E-6	2.476300E+3	-5.110073E-6	2.466900E+3	-4.020859E-6	2.468100E+3	-1.366073E-6	2.473100E+3	-2.040915E-6	2.469400E+3	-2.141560E-6	2.476500E+3	-119.458393E-9	2.471600E+3	1.409781E-6	2.480500E+3	-272.506800E-9	2.468200E+3	-321.618600E-9	2.477400E+3	-84.005833E-9	2.468700E+3	238.885733E-9	2.475900E+3	405.096200E-9	2.471300E+3	286.011000E-9
2.515700E+3	14.440410E-6	2.524600E+3	-1.062457E-6	2.531200E+3	-13.845467E-6	2.523000E+3	-7.583681E-6	2.519500E+3	-4.923125E-6	2.528000E+3	-3.924002E-6	2.522200E+3	-1.174777E-6	2.527600E+3	-2.349865E-6	2.520000E+3	-1.976404E-6	2.523600E+3	-31.665143E-9	2.527900E+3	1.426359E-6	2.529800E+3	-368.991667E-9	2.532700E+3	-279.119267E-9	2.531700E+3	-32.503357E-9	2.528200E+3	345.305133E-9	2.524900E+3	459.547933E-9	2.533100E+3	221.966400E-9
2.570700E+3	13.783260E-6	2.585600E+3	333.912220E-9	2.575200E+3	-12.061680E-6	2.579100E+3	-8.584740E-6	2.581400E+3	-5.123918E-6	2.576800E+3	-4.006330E-6	2.572100E+3	-1.324473E-6	2.576800E+3	-2.434057E-6	2.579300E+3	-1.844959E-6	2.583000E+3	190.673906E-9	2.581500E+3	1.529985E-6	2.583500E+3	-428.907067E-9	2.582500E+3	-380.074533E-9	2.578800E+3	-75.437567E-9	2.577600E+3	475.442867E-9	2.585400E+3	424.001933E-9	2.582200E+3	228.361400E-9
2.618100E+3	14.320460E-6	2.638800E+3	1.041473E-6	2.631600E+3	-10.154202E-6	2.627400E+3	-9.586595E-6	2.629800E+3	-5.145525E-6	2.631200E+3	-4.110639E-6	2.637700E+3	-1.330247E-6	2.636000E+3	-2.240466E-6	2.627900E+3	-2.003601E-6	2.631100E+3	245.063467E-9	2.637100E+3	1.503038E-6	2.637400E+3	-414.781800E-9	2.636000E+3	-419.003800E-9	2.627000E+3	-50.695315E-9	2.630500E+3	422.077400E-9	2.640500E+3	504.563067E-9	2.630900E+3	168.135533E-9
2.672200E+3	14.768970E-6	2.683500E+3	1.397737E-6	2.685100E+3	-8.046985E-6	2.687800E+3	-11.682947E-6	2.684300E+3	-5.503027E-6	2.679800E+3	-3.939027E-6	2.680400E+3	-1.376999E-6	2.690300E+3	-2.259465E-6	2.681900E+3	-2.128583E-6	2.687500E+3	118.713287E-9	2.686400E+3	1.425056E-6	2.691100E+3	-249.750933E-9	2.689800E+3	-388.239200E-9	2.681200E+3	-71.774320E-9	2.681100E+3	375.200667E-9	2.688500E+3	520.364667E-9	2.691500E+3	-9.561656E-9
2.729500E+3	15.097170E-6	2.741700E+3	2.206377E-6	2.731700E+3	-6.155947E-6	2.730700E+3	-14.116120E-6	2.737600E+3	-5.565487E-6	2.732000E+3	-4.196569E-6	2.731700E+3	-1.190114E-6	2.738800E+3	-2.328879E-6	2.741000E+3	-2.119333E-6	2.740000E+3	111.635147E-9	2.733200E+3	1.617095E-6	2.738000E+3	-215.726533E-9	2.735100E+3	-408.479867E-9	2.742300E+3	-28.715949E-9	2.739400E+3	441.324467E-9	2.735200E+3	467.246800E-9	2.732800E+3	-91.239013E-9
2.778500E+3	15.021920E-6	2.790900E+3	2.363835E-6	2.781700E+3	-4.697373E-6	2.791000E+3	-15.995573E-6	2.791200E+3	-5.856683E-6	2.785300E+3	-4.013408E-6	2.781700E+3	-1.247111E-6	2.792500E+3	-2.187319E-6	2.789300E+3	-1.950701E-6	2.783600E+3	131.627853E-9	2.788400E+3	1.673842E-6	2.796600E+3	-227.834000E-9	2.788400E+3	-441.915067E-9	2.788300E+3	-23.717810E-9	2.792100E+3	509.933733E-9	2.790900E+3	472.896600E-9	2.790500E+3	300.974200E-9
2.827100E+3	14.723530E-6	2.836200E+3	2.338130E-6	2.841800E+3	-3.709353E-6	2.839900E+3	-16.289433E-6	2.840500E+3	-6.328923E-6	2.844800E+3	-4.073261E-6	2.846600E+3	-1.228298E-6	2.841600E+3	-2.207311E-6	2.838900E+3	-1.990066E-6	2.843100E+3	-80.404613E-9	2.849600E+3	1.538181E-6	2.840900E+3	-169.657000E-9	2.838300E+3	-474.542267E-9	2.843400E+3	-31.727207E-9	2.852100E+3	389.201533E-9	2.840600E+3	437.661533E-9	2.844800E+3	309.759667E-9
2.882000E+3	14.581960E-6	2.897200E+3	2.957025E-6	2.896300E+3	-3.321359E-6	2.896800E+3	-14.675913E-6	2.890800E+3	-7.141783E-6	2.894600E+3	-4.324595E-6	2.896900E+3	-1.086985E-6	2.896400E+3	-1.956039E-6	2.893500E+3	-1.964545E-6	2.901900E+3	-134.049027E-9	2.894200E+3	1.351543E-6	2.902900E+3	-163.913600E-9	2.897700E+3	-426.237467E-9	2.891700E+3	4.066800E-9	2.903400E+3	305.009933E-9	2.902500E+3	398.235533E-9	2.893700E+3	337.482200E-9
2.930800E+3	14.602070E-6	2.946500E+3	3.001357E-6	2.945800E+3	-2.858617E-6	2.946100E+3	-12.354000E-6	2.947600E+3	-8.448021E-6	2.943900E+3	-4.292681E-6	2.950700E+3	-1.272566E-6	2.945500E+3	-2.044764E-6	2.955100E+3	-2.028125E-6	2.945600E+3	-284.489600E-9	2.955500E+3	1.185458E-6	2.957500E+3	-206.196007E-9	2.952300E+3	-421.301000E-9	2.957200E+3	-104.029373E-9	2.952900E+3	335.153800E-9	2.950900E+3	404.630400E-9	2.950500E+3	284.862467E-9
2.985700E+3	14.775690E-6	3.007000E+3	2.374888E-6	3.005500E+3	-2.659809E-6	3.006200E+3	-9.596278E-6	3.001100E+3	-10.192457E-6	2.996800E+3	-4.515827E-6	2.998800E+3	-1.540539E-6	3.000700E+3	-2.142987E-6	3.007800E+3	-2.343719E-6	2.999000E+3	-309.883733E-9	3.004600E+3	1.041599E-6	3.006000E+3	-269.836933E-9	3.000300E+3	-352.755733E-9	2.999100E+3	-50.788391E-9	3.001200E+3	510.865267E-9	3.006800E+3	367.998400E-9	3.000700E+3	291.040133E-9
3.044400E+3	15.014840E-6	3.049300E+3	2.238043E-6	3.054600E+3	-2.725934E-6	3.055200E+3	-7.251128E-6	3.049700E+3	-12.414027E-6	3.050500E+3	-4.911575E-6	3.058100E+3	-1.322113E-6	3.054300E+3	-2.208926E-6	3.056700E+3	-2.165712E-6	3.051600E+3	-522.288600E-9	3.053400E+3	1.057680E-6	3.059900E+3	-246.212200E-9	3.054100E+3	-381.657733E-9	3.052500E+3	-149.353800E-9	3.061400E+3	536.351733E-9	3.055500E+3	339.717200E-9	3.056400E+3	289.115400E-9
3.091600E+3	15.322960E-6	3.108900E+3	2.403696E-6	3.107900E+3	-2.367437E-6	3.100000E+3	-5.762059E-6	3.103300E+3	-15.207600E-6	3.104200E+3	-5.114729E-6	3.106400E+3	-1.416548E-6	3.103500E+3	-2.373832E-6	3.105800E+3	-2.203151E-6	3.105500E+3	-336.582047E-9	3.112500E+3	1.015521E-6	3.112700E+3	-193.746933E-9	3.109500E+3	-332.049267E-9	3.106000E+3	-124.518600E-9	3.105700E+3	515.925333E-9	3.104900E+3	348.906333E-9	3.111700E+3	299.825533E-9
3.151300E+3	15.081170E-6	3.163000E+3	3.009553E-6	3.156600E+3	-2.262011E-6	3.159300E+3	-4.515267E-6	3.158300E+3	-16.971653E-6	3.157800E+3	-5.476826E-6	3.159800E+3	-1.980936E-6	3.163500E+3	-2.359303E-6	3.158100E+3	-2.161489E-6	3.155400E+3	-90.525007E-9	3.156700E+3	848.004000E-9	3.161700E+3	-261.517067E-9	3.163400E+3	-306.376000E-9	3.160900E+3	-155.314467E-9	3.165200E+3	644.820467E-9	3.168400E+3	403.140200E-9	3.160300E+3	351.141400E-9
3.199200E+3	15.265940E-6	3.212400E+3	2.324596E-6	3.215500E+3	-2.015707E-6	3.213100E+3	-3.706743E-6	3.213900E+3	-16.242820E-6	3.210700E+3	-6.031646E-6	3.207400E+3	-2.055443E-6	3.211400E+3	-2.407794E-6	3.218100E+3	-2.294234E-6	3.215000E+3	-66.807256E-9	3.217400E+3	831.426267E-9	3.215500E+3	-268.315733E-9	3.211300E+3	-459.609933E-9	3.215000E+3	-126.908940E-9	3.213600E+3	655.251200E-9	3.217700E+3	337.916600E-9	3.220500E+3	328.975933E-9
3.252300E+3	15.505900E-6	3.260100E+3	2.336020E-6	3.267900E+3	-2.053457E-6	3.260100E+3	-3.392699E-6	3.261400E+3	-14.645433E-6	3.258300E+3	-6.858411E-6	3.267400E+3	-1.868988E-6	3.264500E+3	-2.448090E-6	3.270100E+3	-2.412140E-6	3.270700E+3	219.358867E-9	3.265100E+3	808.764200E-9	3.262900E+3	-249.813267E-9	3.259400E+3	-429.248400E-9	3.267400E+3	-87.296427E-9	3.262800E+3	572.611800E-9	3.270100E+3	273.096733E-9	3.267600E+3	338.568667E-9
3.300700E+3	15.588600E-6	3.313600E+3	2.525390E-6	3.314200E+3	-1.621937E-6	3.314800E+3	-3.429208E-6	3.316600E+3	-11.810853E-6	3.319200E+3	-7.798447E-6	3.316000E+3	-1.886435E-6	3.313300E+3	-2.423005E-6	3.314200E+3	-2.394941E-6	3.316400E+3	242.455933E-9	3.321000E+3	1.013472E-6	3.316600E+3	-285.141800E-9	3.313400E+3	-250.620267E-9	3.320100E+3	-130.572227E-9	3.322900E+3	641.157133E-9	3.319800E+3	356.542933E-9	3.316800E+3	367.656933E-9
3.361500E+3	15.299130E-6	3.369900E+3	2.624979E-6	3.367700E+3	-1.741519E-6	3.369000E+3	-3.366063E-6	3.372800E+3	-9.194448E-6	3.368200E+3	-9.523763E-6	3.364700E+3	-1.802180E-6	3.374400E+3	-2.492109E-6	3.367500E+3	-2.261079E-6	3.372800E+3	300.819067E-9	3.369200E+3	939.150667E-9	3.370300E+3	-335.960933E-9	3.367200E+3	-297.062667E-9	3.369100E+3	-147.894933E-9	3.376400E+3	559.014467E-9	3.375300E+3	357.381333E-9	3.372600E+3	363.186600E-9
3.405300E+3	15.129200E-6	3.426400E+3	3.164027E-6	3.428200E+3	-1.424125E-6	3.428600E+3	-3.157012E-6	3.422300E+3	-7.439876E-6	3.428000E+3	-11.512440E-6	3.420300E+3	-1.819131E-6	3.428300E+3	-2.386064E-6	3.421600E+3	-2.276789E-6	3.422100E+3	185.085800E-9	3.419600E+3	1.072767E-6	3.431700E+3	-358.157533E-9	3.421400E+3	-327.206533E-9	3.423200E+3	-116.788587E-9	3.426000E+3	508.319600E-9	3.424500E+3	352.848867E-9	3.429100E+3	364.894000E-9
3.464900E+3	15.538670E-6	3.474700E+3	2.933803E-6	3.478400E+3	-1.719911E-6	3.478300E+3	-3.007877E-6	3.472000E+3	-6.591744E-6	3.478600E+3	-12.898007E-6	3.474300E+3	-2.464419E-6	3.481600E+3	-2.404876E-6	3.472200E+3	-2.458832E-6	3.482100E+3	117.285113E-9	3.471500E+3	1.301810E-6	3.474400E+3	-363.124467E-9	3.480200E+3	-336.053933E-9	3.477500E+3	-87.979373E-9	3.475700E+3	549.111467E-9	3.485100E+3	428.099867E-9	3.477500E+3	411.894667E-9
3.512600E+3	15.765550E-6	3.530400E+3	2.995397E-6	3.532200E+3	-1.590333E-6	3.531900E+3	-3.204571E-6	3.531800E+3	-5.963351E-6	3.523600E+3	-13.062540E-6	3.527600E+3	-2.786595E-6	3.525100E+3	-2.464232E-6	3.536100E+3	-2.578287E-6	3.532100E+3	239.103000E-9	3.530600E+3	1.341855E-6	3.527700E+3	-200.763133E-9	3.528900E+3	-348.099067E-9	3.535700E+3	-23.221107E-9	3.528900E+3	581.552533E-9	3.529000E+3	343.163200E-9	3.533700E+3	372.624000E-9
3.572500E+3	15.520810E-6	3.580100E+3	2.935297E-6	3.585500E+3	-1.704143E-6	3.581700E+3	-3.191533E-6	3.581000E+3	-5.794220E-6	3.578500E+3	-11.438433E-6	3.583800E+3	-3.013464E-6	3.585800E+3	-2.515144E-6	3.585900E+3	-2.451131E-6	3.580200E+3	73.326533E-9	3.579900E+3	1.420896E-6	3.581100E+3	-256.053267E-9	3.582700E+3	-233.483733E-9	3.582800E+3	-102.384053E-9	3.590000E+3	590.524267E-9	3.584500E+3	259.964667E-9	3.582500E+3	333.291133E-9
3.620500E+3	15.773370E-6	3.638900E+3	3.188119E-6	3.628900E+3	-2.360670E-6	3.630000E+3	-3.133046E-6	3.630000E+3	-5.794967E-6	3.638500E+3	-9.271184E-6	3.632100E+3	-3.774240E-6	3.638500E+3	-2.397550E-6	3.634400E+3	-2.382214E-6	3.642200E+3	59.108177E-9	3.635200E+3	1.075561E-6	3.641200E+3	-280.174533E-9	3.636600E+3	-457.778733E-9	3.637100E+3	-145.721867E-9	3.638300E+3	640.908800E-9	3.640400E+3	250.683000E-9	3.637900E+3	345.212067E-9
3.679800E+3	15.853460E-6	3.688300E+3	3.597899E-6	3.691500E+3	-1.678065E-6	3.683700E+3	-2.980621E-6	3.683000E+3	-5.407969E-6	3.687600E+3	-7.293162E-6	3.692200E+3	-4.737853E-6	3.686900E+3	-2.289391E-6	3.688200E+3	-2.616411E-6	3.688900E+3	78.479900E-9	3.688500E+3	996.708133E-9	3.689500E+3	-268.253667E-9	3.690500E+3	-386.811333E-9	3.685100E+3	-29.926676E-9	3.687000E+3	633.209933E-9	3.688400E+3	276.387333E-9	3.686600E+3	333.073800E-9
3.726100E+3	15.736490E-6	3.741600E+3	3.399219E-6	3.730900E+3	-1.559042E-6	3.732500E+3	-2.996267E-6	3.742000E+3	-5.361157E-6	3.734300E+3	-5.638754E-6	3.743900E+3	-6.218097E-6	3.735100E+3	-2.339311E-6	3.742500E+3	-2.569843E-6	3.741500E+3	-81.273833E-9	3.743400E+3	974.294067E-9	3.741700E+3	-373.927867E-9	3.741900E+3	-268.750200E-9	3.742500E+3	-110.952193E-9	3.738900E+3	624.362333E-9	3.745900E+3	322.394667E-9	3.743300E+3	246.646800E-9
3.781300E+3	15.807630E-6	3.790600E+3	3.536309E-6	3.790100E+3	-1.535821E-6	3.791900E+3	-3.025013E-6	3.791000E+3	-5.437835E-6	3.787600E+3	-4.701717E-6	3.793900E+3	-7.413803E-6	3.792800E+3	-2.403881E-6	3.796500E+3	-2.508689E-6	3.789000E+3	-49.174100E-9	3.791200E+3	920.648000E-9	3.795400E+3	-353.128267E-9	3.790600E+3	-366.539267E-9	3.796100E+3	19.092210E-9	3.798900E+3	426.113600E-9	3.796000E+3	272.227267E-9	3.792600E+3	329.534800E-9
3.834500E+3	15.735360E-6	3.840200E+3	3.387172E-6	3.838700E+3	-1.776785E-6	3.840500E+3	-3.222703E-6	3.844700E+3	-5.369725E-6	3.842100E+3	-4.037376E-6	3.839600E+3	-8.198553E-6	3.842200E+3	-2.561276E-6	3.849700E+3	-2.327887E-6	3.846900E+3	-74.754567E-9	3.841400E+3	771.138733E-9	3.842600E+3	-332.266667E-9	3.844600E+3	-339.034267E-9	3.845000E+3	-98.099833E-9	3.848300E+3	491.183000E-9	3.850100E+3	279.243333E-9	3.851800E+3	350.365400E-9
3.882900E+3	15.851960E-6	3.899900E+3	3.353645E-6	3.892100E+3	-1.851787E-6	3.901500E+3	-2.662354E-6	3.893700E+3	-4.876310E-6	3.895400E+3	-3.923380E-6	3.903200E+3	-7.711643E-6	3.895300E+3	-2.973231E-6	3.903400E+3	-2.339869E-6	3.893800E+3	-149.074467E-9	3.901600E+3	758.038067E-9	3.903000E+3	-268.532733E-9	3.897800E+3	-360.299467E-9	3.906500E+3	-3.725302E-9	3.897200E+3	423.598200E-9	3.899100E+3	306.717333E-9	3.902400E+3	333.415333E-9
3.942200E+3	15.698110E-6	3.945100E+3	3.617644E-6	3.952800E+3	-1.820743E-6	3.950000E+3	-2.543892E-6	3.947200E+3	-4.837629E-6	3.949500E+3	-3.924494E-6	3.952200E+3	-6.192021E-6	3.951000E+3	-3.453049E-6	3.952400E+3	-2.740960E-6	3.947400E+3	-189.618067E-9	3.950300E+3	726.187000E-9	3.952200E+3	-348.347400E-9	3.952400E+3	-198.496733E-9	3.950800E+3	-58.611539E-9	3.950500E+3	361.324000E-9	3.958800E+3	288.028867E-9	3.950700E+3	336.395467E-9
3.990200E+3	15.904870E-6	4.005500E+3	3.875198E-6	4.001600E+3	-2.054388E-6	3.998700E+3	-2.762565E-6	4.007000E+3	-4.816022E-6	4.003100E+3	-3.639251E-6	4.001900E+3	-5.028365E-6	4.006800E+3	-4.281752E-6	4.001300E+3	-2.371411E-6	4.001300E+3	-289.332733E-9	4.003900E+3	650.687800E-9	4.005500E+3	-277.504867E-9	4.001100E+3	-256.332733E-9	4.009100E+3	-55.972867E-9	4.010800E+3	361.758333E-9	4.003500E+3	374.207200E-9	4.006700E+3	311.808600E-9
4.045400E+3	15.856440E-6	4.060400E+3	3.925117E-6	4.059400E+3	-2.169189E-6	4.054400E+3	-2.993659E-6	4.055800E+3	-4.785226E-6	4.051900E+3	-3.524511E-6	4.055100E+3	-3.791930E-6	4.060200E+3	-5.501785E-6	4.061300E+3	-2.384263E-6	4.058900E+3	-236.308933E-9	4.063500E+3	545.199800E-9	4.059200E+3	-329.348467E-9	4.061500E+3	-255.494400E-9	4.062800E+3	-65.969027E-9	4.060300E+3	338.817000E-9	4.063600E+3	202.874200E-9	4.055600E+3	343.690867E-9
4.102900E+3	15.504770E-6	4.109600E+3	3.838189E-6	4.109400E+3	-2.342539E-6	4.103000E+3	-2.847751E-6	4.104600E+3	-5.153223E-6	4.105400E+3	-3.568469E-6	4.110200E+3	-3.063383E-6	4.109200E+3	-7.218592E-6	4.114300E+3	-2.497573E-6	4.108100E+3	-267.663333E-9	4.113900E+3	495.156000E-9	4.107800E+3	-401.929600E-9	4.114200E+3	-343.721867E-9	4.109600E+3	-54.172227E-9	4.116200E+3	410.652933E-9	4.112900E+3	224.822600E-9	4.111200E+3	352.476400E-9
4.148300E+3	15.554690E-6	4.168100E+3	3.873331E-6	4.158400E+3	-2.172852E-6	4.158900E+3	-2.902639E-6	4.165200E+3	-4.856069E-6	4.161700E+3	-3.405550E-6	4.159300E+3	-2.699733E-6	4.157700E+3	-8.536375E-6	4.164200E+3	-2.714696E-6	4.157900E+3	-209.610867E-9	4.162900E+3	282.937467E-9	4.168000E+3	-359.026733E-9	4.169600E+3	-207.748000E-9	4.163800E+3	-53.303007E-9	4.164200E+3	525.083333E-9	4.168200E+3	485.408267E-9	4.160100E+3	387.494067E-9
4.205500E+3	15.463800E-6	4.216400E+3	4.095241E-6	4.211000E+3	-2.256175E-6	4.216400E+3	-2.972671E-6	4.217400E+3	-4.977577E-6	4.213200E+3	-3.648316E-6	4.211700E+3	-2.393266E-6	4.216400E+3	-8.894314E-6	4.211600E+3	-3.028986E-6	4.211000E+3	-492.920600E-9	4.215900E+3	200.545867E-9	4.209900E+3	-339.468867E-9	4.214300E+3	-225.691867E-9	4.219200E+3	48.801543E-9	4.218400E+3	467.277933E-9	4.211300E+3	429.372667E-9	4.217900E+3	414.316200E-9
4.250000E+3	15.121770E-6	4.265500E+3	4.226123E-6	4.265500E+3	-2.274553E-6	4.266300E+3	-2.961249E-6	4.265900E+3	-4.773180E-6	4.266600E+3	-3.336757E-6	4.264700E+3	-2.234755E-6	4.265700E+3	-7.850598E-6	4.264500E+3	-3.489991E-6	4.269100E+3	-17.881480E-9	4.264900E+3	-125.232488E-9	4.267000E+3	-275.114533E-9	4.263500E+3	-310.442667E-9	4.273200E+3	63.392360E-9	4.271700E+3	494.970333E-9	4.274200E+3	377.404800E-9	4.266800E+3	370.109333E-9
4.308800E+3	15.158280E-6	4.314000E+3	4.040728E-6	4.314400E+3	-1.924495E-6	4.314800E+3	-3.086854E-6	4.314900E+3	-4.505395E-6	4.320900E+3	-3.365069E-6	4.314100E+3	-2.390843E-6	4.314700E+3	-6.301605E-6	4.324200E+3	-4.194707E-6	4.317700E+3	188.749000E-9	4.323500E+3	-299.328867E-9	4.316400E+3	-332.608267E-9	4.322900E+3	-307.648667E-9	4.316300E+3	148.143240E-9	4.320800E+3	529.056933E-9	4.317900E+3	342.759467E-9	4.316700E+3	469.171733E-9
4.357400E+3	15.170910E-6	4.374100E+3	3.613795E-6	4.368700E+3	-1.700789E-6	4.374200E+3	-3.121684E-6	4.370500E+3	-4.465100E-6	4.369500E+3	-3.206869E-6	4.373800E+3	-2.655216E-6	4.368200E+3	-5.057607E-6	4.374000E+3	-5.139127E-6	4.373500E+3	137.588087E-9	4.376500E+3	-328.758667E-9	4.369700E+3	-410.528800E-9	4.376500E+3	-443.218867E-9	4.375600E+3	21.544719E-9	4.369700E+3	449.893133E-9	4.377800E+3	301.719267E-9	4.369500E+3	504.314200E-9
4.411800E+3	14.751460E-6	4.428200E+3	3.466521E-6	4.424400E+3	-2.404442E-6	4.419200E+3	-2.963235E-6	4.419600E+3	-4.249965E-6	4.427200E+3	-2.867867E-6	4.427600E+3	-2.605731E-6	4.424000E+3	-4.258470E-6	4.422800E+3	-6.735664E-6	4.427100E+3	-84.812779E-9	4.425100E+3	-589.096200E-9	4.429800E+3	-423.691600E-9	4.430000E+3	-413.540000E-9	4.431700E+3	-6.115720E-9	4.424700E+3	473.176667E-9	4.427000E+3	354.587467E-9	4.429500E+3	389.170533E-9
4.470800E+3	14.935490E-6	4.481300E+3	3.746292E-6	4.477500E+3	-2.612313E-6	4.480600E+3	-2.845701E-6	4.473000E+3	-4.204765E-6	4.476400E+3	-2.914931E-6	4.480500E+3	-2.500988E-6	4.479200E+3	-3.845887E-6	4.471900E+3	-8.087039E-6	4.474300E+3	-239.972067E-9	4.474500E+3	-503.724467E-9	4.478800E+3	-431.266200E-9	4.473200E+3	-298.087067E-9	4.481300E+3	19.061183E-9	4.484400E+3	508.163933E-9	4.475600E+3	357.536467E-9	4.477900E+3	434.463667E-9
4.515300E+3	14.895250E-6	4.526400E+3	4.207496E-6	4.525600E+3	-2.331362E-6	4.531600E+3	-3.312853E-6	4.532700E+3	-4.085927E-6	4.525300E+3	-2.809505E-6	4.529300E+3	-2.277099E-6	4.527300E+3	-3.595665E-6	4.535800E+3	-8.582568E-6	4.528000E+3	-531.229333E-9	4.527700E+3	-418.848667E-9	4.532400E+3	-464.080533E-9	4.532800E+3	-292.809600E-9	4.534200E+3	95.150720E-9	4.533400E+3	460.043933E-9	4.535800E+3	210.666133E-9	4.527100E+3	393.485667E-9
4.573500E+3	14.429600E-6	4.575900E+3	3.850487E-6	4.579200E+3	-2.367003E-6	4.575400E+3	-2.928155E-6	4.581200E+3	-3.901459E-6	4.578300E+3	-2.943987E-6	4.582600E+3	-2.477643E-6	4.580800E+3	-3.301119E-6	4.580100E+3	-7.708289E-6	4.577800E+3	-1.055009E-6	4.589400E+3	-632.930467E-9	4.585400E+3	-425.088600E-9	4.581000E+3	-249.719867E-9	4.583200E+3	71.215507E-9	4.587900E+3	436.512800E-9	4.583900E+3	233.018000E-9	4.580700E+3	409.287000E-9
4.622500E+3	14.323050E-6	4.635400E+3	3.850982E-6	4.628100E+3	-1.959639E-6	4.631000E+3	-2.927037E-6	4.639400E+3	-3.650179E-6	4.637700E+3	-3.192836E-6	4.636000E+3	-2.461251E-6	4.639900E+3	-3.204322E-6	4.633700E+3	-6.199347E-6	4.640500E+3	-1.629636E-6	4.634800E+3	-678.317000E-9	4.639200E+3	-412.950267E-9	4.633700E+3	-398.017933E-9	4.631600E+3	64.385833E-9	4.632000E+3	474.604600E-9	4.637400E+3	340.182867E-9	4.633900E+3	467.122800E-9
4.671400E+3	14.577860E-6	4.683000E+3	3.639499E-6	4.686800E+3	-1.583379E-6	4.679700E+3	-2.811988E-6	4.688800E+3	-3.678367E-6	4.686200E+3	-3.133729E-6	4.683900E+3	-2.299823E-6	4.688500E+3	-3.061893E-6	4.691000E+3	-4.901021E-6	4.689000E+3	-2.577047E-6	4.682700E+3	-548.427933E-9	4.690500E+3	-480.316867E-9	4.686900E+3	-316.247800E-9	4.684100E+3	56.593747E-9	4.691000E+3	424.157133E-9	4.685500E+3	412.081133E-9	4.692200E+3	408.603867E-9
4.725500E+3	14.237000E-6	4.742000E+3	3.975409E-6	4.735400E+3	-1.844773E-6	4.738500E+3	-2.886121E-6	4.737600E+3	-3.542144E-6	4.735000E+3	-3.394127E-6	4.733100E+3	-2.113869E-6	4.737200E+3	-2.922877E-6	4.736400E+3	-3.896117E-6	4.742900E+3	-3.794045E-6	4.736500E+3	-483.297333E-9	4.741000E+3	-494.753000E-9	4.740300E+3	-382.775400E-9	4.742200E+3	43.865571E-9	4.745100E+3	421.301400E-9	4.744700E+3	277.939400E-9	4.741800E+3	436.047067E-9
4.784200E+3	14.692970E-6	4.787300E+3	3.708543E-6	4.788900E+3	-1.822793E-6	4.793900E+3	-2.836948E-6	4.790900E+3	-2.786097E-6	4.784000E+3	-3.536185E-6	4.792500E+3	-1.988265E-6	4.792400E+3	-2.851415E-6	4.796500E+3	-3.167008E-6	4.791400E+3	-5.152789E-6	4.796100E+3	-544.330667E-9	4.798700E+3	-438.965600E-9	4.788900E+3	-436.078067E-9	4.795300E+3	35.359417E-9	4.789100E+3	553.799133E-9	4.798100E+3	209.641667E-9	4.797200E+3	436.947267E-9
4.833200E+3	14.989510E-6	4.846600E+3	3.637387E-6	4.844200E+3	-2.032161E-6	4.845100E+3	-3.074249E-6	4.848100E+3	-3.183895E-6	4.847500E+3	-3.607089E-6	4.845900E+3	-2.134296E-6	4.840700E+3	-2.917849E-6	4.845400E+3	-2.873084E-6	4.840700E+3	-5.579209E-6	4.849600E+3	-804.293800E-9	4.842800E+3	-535.576267E-9	4.848900E+3	-418.538200E-9	4.849000E+3	7.605831E-9	4.843800E+3	427.137533E-9	4.842500E+3	286.973333E-9	4.850400E+3	390.443267E-9
4.891300E+3	14.794310E-6	4.899700E+3	3.615160E-6	4.897500E+3	-1.771755E-6	4.893500E+3	-3.128202E-6	4.897800E+3	-3.148009E-6	4.890800E+3	-3.573809E-6	4.899400E+3	-2.525203E-6	4.896300E+3	-2.886743E-6	4.899000E+3	-2.602378E-6	4.895700E+3	-4.940631E-6	4.898300E+3	-1.096483E-6	4.904300E+3	-481.993133E-9	4.901900E+3	-400.874067E-9	4.902200E+3	9.685807E-9	4.903000E+3	458.802600E-9	4.896200E+3	224.791467E-9	4.899300E+3	404.909867E-9
4.940000E+3	14.679570E-6	4.953500E+3	3.637761E-6	4.941500E+3	-1.605235E-6	4.952200E+3	-3.212332E-6	4.951000E+3	-2.749776E-6	4.949500E+3	-3.389160E-6	4.945900E+3	-2.575741E-6	4.954900E+3	-2.714697E-6	4.947600E+3	-2.427662E-6	4.955100E+3	-3.212893E-6	4.951600E+3	-1.527997E-6	4.952400E+3	-541.101733E-9	4.951000E+3	-391.716200E-9	4.955100E+3	79.659513E-9	4.952700E+3	348.130267E-9	4.949200E+3	198.559000E-9	4.957300E+3	362.379400E-9
4.994300E+3	14.456040E-6	5.003900E+3	3.288329E-6	5.001600E+3	-1.888421E-6	4.997200E+3	-2.949327E-6	4.999700E+3	-2.947837E-6	4.998200E+3	-3.658373E-6	4.998900E+3	-2.243261E-6	5.005000E+3	-2.653290E-6	5.001000E+3	-2.119519E-6	4.999100E+3	-1.632865E-6	5.000800E+3	-2.260644E-6	5.006400E+3	-622.499800E-9	5.004000E+3	-400.377267E-9	5.005200E+3	-3.694275E-9	5.001400E+3	360.858267E-9	5.009000E+3	264.341933E-9	5.007600E+3	306.344733E-9
5.048800E+3	14.168820E-6	5.053400E+3	3.851230E-6	5.049500E+3	-2.207560E-6	5.056900E+3	-2.915303E-6	5.053800E+3	-3.111935E-6	5.057500E+3	-3.449136E-6	5.058000E+3	-2.116475E-6	5.058600E+3	-2.711654E-6	5.050300E+3	-2.070220E-6	5.058400E+3	-624.485933E-9	5.058700E+3	-3.314281E-6	5.059800E+3	-692.007333E-9	5.057300E+3	-392.895867E-9	5.061700E+3	116.198680E-9	5.055000E+3	418.755533E-9	5.058100E+3	302.060733E-9	5.061700E+3	369.457467E-9
5.102800E+3	14.348010E-6	5.107600E+3	4.041225E-6	5.099000E+3	-2.014960E-6	5.105700E+3	-3.102561E-6	5.102000E+3	-3.384504E-6	5.107000E+3	-3.134845E-6	5.108400E+3	-1.841050E-6	5.112100E+3	-2.778087E-6	5.112600E+3	-2.090089E-6	5.111400E+3	-53.768668E-9	5.107400E+3	-4.702338E-6	5.108100E+3	-898.854067E-9	5.111600E+3	-338.351267E-9	5.112300E+3	10.058334E-9	5.108200E+3	586.395467E-9	5.112000E+3	222.680267E-9	5.106500E+3	384.948400E-9
5.152000E+3	14.063780E-6	5.152900E+3	4.125664E-6	5.158500E+3	-2.062459E-6	5.161200E+3	-3.119137E-6	5.161900E+3	-3.755298E-6	5.160800E+3	-3.017625E-6	5.162300E+3	-1.634543E-6	5.156900E+3	-2.732701E-6	5.163500E+3	-2.141001E-6	5.160200E+3	318.327667E-9	5.163400E+3	-5.692333E-6	5.162200E+3	-948.184867E-9	5.161000E+3	-373.244867E-9	5.159400E+3	-179.652933E-9	5.162100E+3	516.825533E-9	5.166800E+3	224.667133E-9	5.158900E+3	378.956867E-9
5.204900E+3	14.060420E-6	5.210500E+3	3.777837E-6	5.205600E+3	-2.095429E-6	5.208700E+3	-3.286653E-6	5.209300E+3	-3.900653E-6	5.212800E+3	-3.039231E-6	5.209500E+3	-1.971313E-6	5.214200E+3	-2.785351E-6	5.214300E+3	-2.135910E-6	5.212900E+3	589.779067E-9	5.210800E+3	-5.717169E-6	5.214100E+3	-1.237424E-6	5.216100E+3	-364.894000E-9	5.211700E+3	-149.198667E-9	5.218100E+3	508.754067E-9	5.215200E+3	262.013733E-9	5.216400E+3	284.148467E-9
5.253000E+3	14.558120E-6	5.264200E+3	3.094862E-6	5.258500E+3	-2.062085E-6	5.257500E+3	-3.346255E-6	5.257800E+3	-3.580265E-6	5.260200E+3	-2.913564E-6	5.262700E+3	-1.831360E-6	5.263800E+3	-2.637086E-6	5.267500E+3	-2.050787E-6	5.265600E+3	669.624600E-9	5.269100E+3	-4.443370E-6	5.267600E+3	-1.623179E-6	5.265200E+3	-521.699400E-9	5.270200E+3	-116.974867E-9	5.268800E+3	474.977333E-9	5.269400E+3	88.972833E-9	5.261400E+3	346.919533E-9
5.306500E+3	14.717170E-6	5.312000E+3	3.543511E-6	5.316800E+3	-1.715753E-6	5.316300E+3	-3.489680E-6	5.317400E+3	-3.300807E-6	5.318900E+3	-2.984345E-6	5.315500E+3	-2.015149E-6	5.316600E+3	-2.738103E-6	5.311800E+3	-1.947967E-6	5.320500E+3	838.007733E-9	5.317900E+3	-3.413686E-6	5.315500E+3	-2.126378E-6	5.313700E+3	-569.973000E-9	5.323200E+3	-55.010345E-9	5.317100E+3	511.734067E-9	5.315900E+3	140.661667E-9	5.320600E+3	267.726133E-9
5.364600E+3	14.855400E-6	5.370600E+3	3.382703E-6	5.367300E+3	-2.349121E-6	5.365800E+3	-3.363207E-6	5.365900E+3	-3.142174E-6	5.369400E+3	-2.946719E-6	5.369000E+3	-1.913631E-6	5.371400E+3	-2.675021E-6	5.364700E+3	-1.910897E-6	5.369500E+3	1.019867E-6	5.366700E+3	-2.439149E-6	5.365300E+3	-2.894129E-6	5.374700E+3	-550.229067E-9	5.373000E+3	-77.393327E-9	5.375000E+3	442.194067E-9	5.375100E+3	65.969040E-9	5.374700E+3	279.926400E-9
5.414100E+3	14.846090E-6	5.415800E+3	3.152853E-6	5.416200E+3	-2.245867E-6	5.414600E+3	-3.737357E-6	5.419000E+3	-3.237354E-6	5.417700E+3	-2.724072E-6	5.417700E+3	-1.592321E-6	5.424700E+3	-2.544013E-6	5.418000E+3	-1.973733E-6	5.424300E+3	1.194832E-6	5.426200E+3	-1.874949E-6	5.424600E+3	-4.047026E-6	5.416700E+3	-725.907467E-9	5.420200E+3	-12.635029E-9	5.425900E+3	383.458400E-9	5.423200E+3	179.963467E-9	5.428400E+3	243.200867E-9
5.465300E+3	14.271640E-6	5.474600E+3	3.313909E-6	5.465300E+3	-2.078602E-6	5.469700E+3	-3.274731E-6	5.467800E+3	-3.346380E-6	5.467200E+3	-2.776473E-6	5.470700E+3	-1.556558E-6	5.473500E+3	-2.294669E-6	5.478500E+3	-1.913878E-6	5.473100E+3	1.586733E-6	5.475000E+3	-1.475347E-6	5.477800E+3	-4.781471E-6	5.469400E+3	-818.139400E-9	5.473600E+3	-35.700892E-9	5.470600E+3	327.051333E-9	5.478500E+3	56.469523E-9	5.477500E+3	254.159467E-9
5.517500E+3	14.414330E-6	5.524800E+3	3.030541E-6	5.524700E+3	-1.979943E-6	5.524700E+3	-3.020789E-6	5.527700E+3	-3.300187E-6	5.526800E+3	-2.657015E-6	5.529800E+3	-1.638513E-6	5.522200E+3	-2.341980E-6	5.529400E+3	-1.912637E-6	5.529000E+3	1.611691E-6	5.528800E+3	-1.289145E-6	5.526400E+3	-4.931102E-6	5.523300E+3	-885.474133E-9	5.532200E+3	-101.452627E-9	5.530300E+3	354.587533E-9	5.531900E+3	101.235280E-9	5.526200E+3	247.298733E-9
5.572300E+3	14.403150E-6	5.579800E+3	3.394376E-6	5.572900E+3	-2.159813E-6	5.573300E+3	-3.381585E-6	5.577200E+3	-3.470683E-6	5.575700E+3	-2.279023E-6	5.579700E+3	-1.757785E-6	5.582000E+3	-2.123430E-6	5.578800E+3	-1.989879E-6	5.584100E+3	1.484722E-6	5.582300E+3	-1.357627E-6	5.584800E+3	-4.095800E-6	5.584100E+3	-1.370170E-6	5.585500E+3	-161.585193E-9	5.585200E+3	370.047267E-9	5.580800E+3	77.175960E-9	5.576100E+3	208.213867E-9
5.621100E+3	14.761890E-6	5.628200E+3	3.428151E-6	5.631900E+3	-2.437099E-6	5.632900E+3	-3.246419E-6	5.625600E+3	-3.325332E-6	5.624400E+3	-2.081210E-6	5.633400E+3	-2.018438E-6	5.635400E+3	-2.152549E-6	5.632200E+3	-1.996272E-6	5.632900E+3	1.612622E-6	5.630300E+3	-1.205262E-6	5.634900E+3	-3.117276E-6	5.631400E+3	-1.821395E-6	5.638000E+3	-83.136420E-9	5.637800E+3	295.262067E-9	5.634700E+3	142.151733E-9	5.631300E+3	181.267400E-9
5.673300E+3	15.034610E-6	5.682300E+3	3.606965E-6	5.675500E+3	-2.463302E-6	5.684700E+3	-3.183834E-6	5.685300E+3	-3.233133E-6	5.684700E+3	-2.015271E-6	5.680400E+3	-2.100023E-6	5.687100E+3	-2.063267E-6	5.679500E+3	-2.058486E-6	5.686500E+3	2.007077E-6	5.687700E+3	-1.209609E-6	5.687500E+3	-2.164688E-6	5.682800E+3	-2.354925E-6	5.689100E+3	-61.126141E-9	5.688900E+3	174.903333E-9	5.686100E+3	60.753567E-9	5.679600E+3	206.319933E-9
5.731100E+3	14.803250E-6	5.736800E+3	3.710903E-6	5.729900E+3	-2.020985E-6	5.734000E+3	-3.210657E-6	5.737100E+3	-3.097097E-6	5.735100E+3	-1.701721E-6	5.733000E+3	-2.147147E-6	5.739000E+3	-2.025951E-6	5.738500E+3	-1.980814E-6	5.735000E+3	1.934430E-6	5.737400E+3	-1.253134E-6	5.735600E+3	-1.536845E-6	5.731700E+3	-3.272559E-6	5.737900E+3	-104.153551E-9	5.739000E+3	92.480973E-9	5.739200E+3	71.060273E-9	5.741500E+3	161.523267E-9
5.785400E+3	14.926920E-6	5.781100E+3	3.561019E-6	5.788300E+3	-1.982739E-6	5.790200E+3	-3.274048E-6	5.785900E+3	-3.151797E-6	5.788400E+3	-1.664220E-6	5.781600E+3	-2.031104E-6	5.789200E+3	-1.972741E-6	5.791900E+3	-2.000000E-6	5.793000E+3	2.154288E-6	5.786100E+3	-1.174281E-6	5.790300E+3	-1.138641E-6	5.791200E+3	-4.121593E-6	5.790400E+3	-181.081093E-9	5.792100E+3	120.327547E-9	5.793100E+3	68.297320E-9	5.786800E+3	117.781987E-9
5.834500E+3	14.967910E-6	5.840600E+3	3.617768E-6	5.833600E+3	-1.920895E-6	5.841100E+3	-3.329493E-6	5.833500E+3	-3.020977E-6	5.840500E+3	-1.334406E-6	5.840700E+3	-2.059292E-6	5.837600E+3	-1.875259E-6	5.844600E+3	-1.950325E-6	5.838500E+3	2.292309E-6	5.843900E+3	-1.161428E-6	5.843400E+3	-1.013969E-6	5.835300E+3	-4.634693E-6	5.839400E+3	-276.355933E-9	5.841200E+3	102.539113E-9	5.845600E+3	55.072507E-9	5.845600E+3	128.585333E-9
5.890400E+3	15.117280E-6	5.892900E+3	4.092757E-6	5.891900E+3	-1.675395E-6	5.893100E+3	-3.236485E-6	5.888400E+3	-3.063445E-6	5.893900E+3	-1.250339E-6	5.893100E+3	-1.991927E-6	5.891200E+3	-1.869421E-6	5.896800E+3	-2.111757E-6	5.893500E+3	2.328259E-6	5.896100E+3	-1.180615E-6	5.895600E+3	-822.299400E-9	5.897500E+3	-4.347319E-6	5.896800E+3	-726.000667E-9	5.898900E+3	168.228600E-9	5.898000E+3	4.936020E-9	5.899000E+3	139.544000E-9
5.936800E+3	15.145590E-6	5.942500E+3	4.101449E-6	5.941100E+3	-1.644413E-6	5.943000E+3	-3.516689E-6	5.945800E+3	-3.228785E-6	5.947400E+3	-1.056873E-6	5.942200E+3	-2.104121E-6	5.944200E+3	-1.726431E-6	5.950000E+3	-2.078105E-6	5.942400E+3	2.099152E-6	5.949500E+3	-1.072146E-6	5.945200E+3	-702.314000E-9	5.947600E+3	-3.470063E-6	5.951200E+3	-1.117035E-6	5.944400E+3	129.982267E-9	5.951100E+3	-11.206978E-9	5.943100E+3	203.991600E-9
5.994900E+3	14.978700E-6	5.990600E+3	3.326077E-6	5.994700E+3	-1.664654E-6	5.997300E+3	-3.306333E-6	5.995200E+3	-3.196563E-6	5.998900E+3	-941.013667E-9	5.996400E+3	-1.912139E-6	5.997500E+3	-1.915991E-6	6.002300E+3	-2.063514E-6	6.000100E+3	2.240279E-6	6.001900E+3	-1.186077E-6	5.994200E+3	-642.802533E-9	6.001700E+3	-2.513467E-6	5.997300E+3	-1.677041E-6	6.002400E+3	99.062187E-9	6.004400E+3	20.737558E-9	6.002600E+3	152.520533E-9
6.043300E+3	15.111320E-6	6.049800E+3	3.222887E-6	6.047900E+3	-1.652610E-6	6.040600E+3	-3.253000E-6	6.043200E+3	-3.368857E-6	6.050400E+3	-1.301375E-6	6.050000E+3	-1.776227E-6	6.045900E+3	-1.743443E-6	6.047700E+3	-2.001551E-6	6.049700E+3	2.131377E-6	6.049900E+3	-1.372343E-6	6.055700E+3	-604.556200E-9	6.051700E+3	-1.762692E-6	6.052200E+3	-2.409873E-6	6.055200E+3	-43.399884E-9	6.047800E+3	101.359487E-9	6.051100E+3	143.051933E-9
6.097300E+3	15.207830E-6	6.098300E+3	3.465900E-6	6.096200E+3	-1.532717E-6	6.102600E+3	-2.998191E-6	6.102400E+3	-3.337999E-6	6.097000E+3	-734.258400E-9	6.096900E+3	-1.715441E-6	6.099200E+3	-1.674339E-6	6.099700E+3	-1.979509E-6	6.099200E+3	2.148639E-6	6.107000E+3	-1.258036E-6	6.108500E+3	-624.579733E-9	6.099700E+3	-1.224852E-6	6.100900E+3	-3.317943E-6	6.103400E+3	-209.672667E-9	6.108400E+3	53.830707E-9	6.105800E+3	107.630347E-9
6.144600E+3	15.858680E-6	6.146100E+3	3.155087E-6	6.151600E+3	-2.329811E-6	6.151000E+3	-3.004585E-6	6.150000E+3	-3.325271E-6	6.144900E+3	-1.582138E-6	6.148100E+3	-1.689551E-6	6.150400E+3	-1.806712E-6	6.147000E+3	-1.844274E-6	6.157800E+3	2.319815E-6	6.156200E+3	-481.682533E-9	6.151800E+3	-586.146867E-9	6.152500E+3	-973.174533E-9	6.152600E+3	-3.962370E-6	6.158700E+3	-329.969267E-9	6.157400E+3	91.921980E-9	6.158600E+3	108.096193E-9
6.197800E+3	15.919760E-6	6.204400E+3	2.859672E-6	6.202100E+3	-1.902082E-6	6.199900E+3	-3.264487E-6	6.198100E+3	-3.350353E-6	6.203100E+3	-1.073138E-6	6.196600E+3	-1.443061E-6	6.198800E+3	-2.005897E-6	6.208500E+3	-1.915307E-6	6.208000E+3	2.472491E-6	6.205000E+3	-274.679667E-9	6.204500E+3	-526.883733E-9	6.208300E+3	-794.173467E-9	6.205300E+3	-3.861317E-6	6.205000E+3	-452.004200E-9	6.206400E+3	-31.696193E-9	6.207400E+3	82.732947E-9
6.255100E+3	16.294160E-6	6.257800E+3	2.878671E-6	6.246300E+3	-2.019307E-6	6.257900E+3	-3.464285E-6	6.256000E+3	-3.650428E-6	6.257500E+3	-1.319381E-6	6.255100E+3	-1.559661E-6	6.257700E+3	-1.896184E-6	6.258900E+3	-1.911955E-6	6.261100E+3	2.221469E-6	6.252500E+3	-262.013533E-9	6.253200E+3	-493.107333E-9	6.260800E+3	-632.030067E-9	6.253800E+3	-3.192961E-6	6.258300E+3	-869.301133E-9	6.262400E+3	-102.911647E-9	6.262900E+3	75.065027E-9
6.304000E+3	16.498680E-6	6.303000E+3	2.740089E-6	6.307900E+3	-2.076552E-6	6.309300E+3	-2.896801E-6	6.305000E+3	-3.732327E-6	6.306900E+3	-1.296159E-6	6.304000E+3	-1.709356E-6	6.309800E+3	-2.033153E-6	6.306900E+3	-1.860231E-6	6.311100E+3	2.331363E-6	6.310800E+3	-688.871867E-9	6.309900E+3	-383.178933E-9	6.303500E+3	-534.986000E-9	6.314200E+3	-2.231153E-6	6.310300E+3	-1.285543E-6	6.305500E+3	-81.956813E-9	6.307500E+3	124.114867E-9
6.356600E+3	16.235680E-6	6.355000E+3	2.914806E-6	6.356500E+3	-1.952622E-6	6.358500E+3	-3.234499E-6	6.359300E+3	-3.760011E-6	6.355200E+3	-1.325961E-6	6.355700E+3	-1.651428E-6	6.362100E+3	-1.985160E-6	6.363400E+3	-1.970259E-6	6.354700E+3	2.163849E-6	6.362800E+3	-537.003733E-9	6.361600E+3	-332.018267E-9	6.356000E+3	-331.490533E-9	6.364600E+3	-1.404813E-6	6.358500E+3	-1.757009E-6	6.357900E+3	-155.221127E-9	6.364900E+3	42.810033E-9
6.409900E+3	15.990550E-6	6.412600E+3	3.027062E-6	6.405700E+3	-1.963985E-6	6.406800E+3	-3.435912E-6	6.412800E+3	-3.311551E-6	6.404100E+3	-1.019868E-6	6.408900E+3	-1.579531E-6	6.410700E+3	-2.031851E-6	6.414000E+3	-2.064819E-6	6.416900E+3	2.087605E-6	6.405900E+3	-703.276333E-9	6.414100E+3	-336.395600E-9	6.409000E+3	-218.582400E-9	6.413000E+3	-839.250467E-9	6.413900E+3	-2.454267E-6	6.416100E+3	-342.324867E-9	6.417500E+3	65.161947E-9
6.459000E+3	15.873190E-6	6.462900E+3	2.973043E-6	6.464100E+3	-2.180303E-6	6.460400E+3	-3.273613E-6	6.464400E+3	-3.339611E-6	6.465300E+3	-1.169003E-6	6.457600E+3	-1.620385E-6	6.459300E+3	-1.964048E-6	6.466900E+3	-2.102445E-6	6.467200E+3	1.931513E-6	6.463500E+3	-495.714867E-9	6.462600E+3	-329.286533E-9	6.467900E+3	-299.701400E-9	6.462000E+3	-532.222733E-9	6.466800E+3	-3.051648E-6	6.465100E+3	-460.603400E-9	6.470800E+3	-25.797802E-9
6.513200E+3	16.029290E-6	6.510900E+3	2.845267E-6	6.513400E+3	-1.993664E-6	6.517100E+3	-3.315213E-6	6.517300E+3	-3.320427E-6	6.509400E+3	-1.540166E-6	6.516200E+3	-1.508563E-6	6.520100E+3	-1.877804E-6	6.515000E+3	-2.121380E-6	6.511400E+3	1.970627E-6	6.516200E+3	-796.036133E-9	6.515000E+3	-371.568467E-9	6.516900E+3	-328.510333E-9	6.515100E+3	-359.337000E-9	6.519700E+3	-3.185106E-6	6.521700E+3	-641.653800E-9	6.522200E+3	-57.804407E-9
6.566300E+3	16.042350E-6	6.563700E+3	2.643357E-6	6.561700E+3	-2.007014E-6	6.563600E+3	-3.284417E-6	6.566600E+3	-3.026689E-6	6.568700E+3	-1.182291E-6	6.564800E+3	-1.705881E-6	6.565700E+3	-1.985781E-6	6.567600E+3	-1.938839E-6	6.570000E+3	1.880658E-6	6.568600E+3	-493.479533E-9	6.572500E+3	-425.150533E-9	6.569300E+3	-213.211800E-9	6.572500E+3	-308.114200E-9	6.572300E+3	-2.746422E-6	6.565800E+3	-951.661000E-9	6.566300E+3	-90.090360E-9
6.614300E+3	15.954790E-6	6.618500E+3	3.066921E-6	6.619900E+3	-2.003787E-6	6.611500E+3	-3.471611E-6	6.619700E+3	-3.162476E-6	6.617100E+3	-1.347071E-6	6.621900E+3	-1.583069E-6	6.622100E+3	-1.921763E-6	6.620200E+3	-2.025331E-6	6.624300E+3	1.827200E-6	6.621400E+3	-301.812533E-9	6.624300E+3	-460.976000E-9	6.617600E+3	-149.292000E-9	6.625000E+3	-198.807400E-9	6.625300E+3	-2.056714E-6	6.626900E+3	-1.107102E-6	6.627000E+3	-63.827000E-9
6.669100E+3	16.011030E-6	6.665100E+3	2.846012E-6	6.663200E+3	-2.136282E-6	6.671000E+3	-3.126899E-6	6.670000E+3	-3.466397E-6	6.669700E+3	-1.596915E-6	6.670300E+3	-1.589837E-6	6.668800E+3	-2.065751E-6	6.670700E+3	-2.115297E-6	6.670700E+3	1.915245E-6	6.672100E+3	-299.453000E-9	6.675200E+3	-368.246667E-9	6.673200E+3	-240.189467E-9	6.673200E+3	-347.012600E-9	6.673500E+3	-1.303983E-6	6.669700E+3	-1.492204E-6	6.676000E+3	-179.373533E-9
6.722100E+3	16.071400E-6	6.718000E+3	2.546623E-6	6.721000E+3	-2.218673E-6	6.716400E+3	-3.175328E-6	6.719700E+3	-3.357744E-6	6.722000E+3	-1.851230E-6	6.718200E+3	-1.524831E-6	6.717100E+3	-2.124795E-6	6.722900E+3	-2.183718E-6	6.726500E+3	1.841419E-6	6.724200E+3	-270.892333E-9	6.726900E+3	-404.382133E-9	6.725100E+3	-163.975733E-9	6.725500E+3	-235.719000E-9	6.726900E+3	-679.217133E-9	6.727100E+3	-2.126719E-6	6.728000E+3	-243.511467E-9
6.771400E+3	16.442060E-6	6.771200E+3	2.661984E-6	6.769500E+3	-2.054139E-6	6.773200E+3	-3.249833E-6	6.771400E+3	-3.422750E-6	6.773600E+3	-2.107411E-6	6.770500E+3	-1.603497E-6	6.768700E+3	-2.172729E-6	6.774600E+3	-2.076305E-6	6.776000E+3	1.803358E-6	6.776000E+3	-344.466933E-9	6.778300E+3	-473.983867E-9	6.773700E+3	-188.004000E-9	6.772800E+3	-203.184467E-9	6.772900E+3	-378.615867E-9	6.775800E+3	-2.665615E-6	6.770800E+3	-319.445400E-9
6.818600E+3	16.581020E-6	6.823700E+3	2.322113E-6	6.816500E+3	-2.107101E-6	6.816500E+3	-3.122801E-6	6.822500E+3	-3.327008E-6	6.821900E+3	-2.193961E-6	6.822200E+3	-1.623365E-6	6.820800E+3	-2.050041E-6	6.822500E+3	-2.026014E-6	6.824800E+3	1.956784E-6	6.827600E+3	-194.026533E-9	6.829200E+3	-378.956867E-9	6.821400E+3	-462.683600E-9	6.829100E+3	-185.303000E-9	6.829300E+3	-160.436847E-9	6.823200E+3	-3.089366E-6	6.822600E+3	-436.698933E-9
6.875100E+3	16.622730E-6	6.869000E+3	2.260149E-6	6.874400E+3	-2.105362E-6	6.870500E+3	-3.301925E-6	6.875300E+3	-3.300869E-6	6.876800E+3	-2.270829E-6	6.870300E+3	-1.518745E-6	6.878900E+3	-2.233326E-6	6.875400E+3	-2.184339E-6	6.872700E+3	2.214263E-6	6.880100E+3	-211.535267E-9	6.878600E+3	-383.768800E-9	6.874000E+3	-344.497933E-9	6.879400E+3	-105.395113E-9	6.881100E+3	-26.418671E-9	6.875000E+3	-2.875721E-6	6.880900E+3	-616.663400E-9
6.923300E+3	16.915170E-6	6.920600E+3	1.980871E-6	6.923300E+3	-2.171859E-6	6.924200E+3	-3.187312E-6	6.928100E+3	-3.281312E-6	6.920700E+3	-2.023965E-6	6.927100E+3	-1.460384E-6	6.930800E+3	-2.142865E-6	6.927600E+3	-2.243881E-6	6.931000E+3	2.168691E-6	6.930600E+3	-298.086933E-9	6.927600E+3	-405.003000E-9	6.929900E+3	-260.896133E-9	6.927400E+3	-204.519333E-9	6.930800E+3	-4.625588E-9	6.933900E+3	-2.376749E-6	6.932900E+3	-749.811533E-9
6.979100E+3	16.680860E-6	6.979700E+3	2.382089E-6	6.971400E+3	-2.021853E-6	6.972400E+3	-3.426971E-6	6.977300E+3	-2.941381E-6	6.972200E+3	-2.278401E-6	6.979000E+3	-1.410651E-6	6.979800E+3	-1.983731E-6	6.980100E+3	-2.195826E-6	6.974600E+3	2.395625E-6	6.979500E+3	-341.734933E-9	6.979600E+3	-466.781733E-9	6.981400E+3	-197.379200E-9	6.984000E+3	-193.777933E-9	6.984800E+3	135.415133E-9	6.982100E+3	-1.704609E-6	6.984600E+3	-1.118090E-6
7.030300E+3	16.786640E-6	7.030000E+3	2.633671E-6	7.022700E+3	-2.118091E-6	7.029100E+3	-3.200288E-6	7.020700E+3	-3.205691E-6	7.029600E+3	-2.493599E-6	7.030500E+3	-1.367685E-6	7.027400E+3	-1.953803E-6	7.031800E+3	-2.136281E-6	7.035000E+3	2.456842E-6	7.030900E+3	-507.449467E-9	7.030600E+3	-455.946400E-9	7.033600E+3	-254.345733E-9	7.031300E+3	-92.977487E-9	7.030900E+3	108.592947E-9	7.036800E+3	-943.807267E-9	7.027000E+3	-1.498567E-6
7.076800E+3	16.453970E-6	7.081100E+3	2.547865E-6	7.080000E+3	-1.773123E-6	7.080600E+3	-3.272745E-6	7.078200E+3	-3.239589E-6	7.081000E+3	-2.656893E-6	7.082100E+3	-1.546935E-6	7.083700E+3	-1.885254E-6	7.080000E+3	-2.252201E-6	7.085700E+3	2.653353E-6	7.085700E+3	-593.007800E-9	7.083200E+3	-303.054133E-9	7.084700E+3	-322.053067E-9	7.078800E+3	-114.801700E-9	7.085900E+3	106.512827E-9	7.087700E+3	-443.684467E-9	7.085100E+3	-1.998040E-6
7.130400E+3	16.517680E-6	7.124000E+3	2.770139E-6	7.129800E+3	-1.892645E-6	7.127700E+3	-3.026998E-6	7.128700E+3	-2.733696E-6	7.131200E+3	-2.557798E-6	7.128300E+3	-1.552335E-6	7.130700E+3	-1.902703E-6	7.133700E+3	-2.254250E-6	7.133900E+3	2.593809E-6	7.135300E+3	-823.479600E-9	7.132900E+3	-401.060267E-9	7.132400E+3	-311.218733E-9	7.128500E+3	-127.436913E-9	7.133400E+3	130.417133E-9	7.136800E+3	-206.599627E-9	7.135600E+3	-2.312241E-6
7.174900E+3	16.487900E-6	7.173000E+3	2.548114E-6	7.181600E+3	-1.633237E-6	7.180100E+3	-2.850545E-6	7.176100E+3	-2.692779E-6	7.182800E+3	-2.520919E-6	7.176700E+3	-1.541780E-6	7.178800E+3	-1.648013E-6	7.184300E+3	-2.212651E-6	7.186000E+3	2.466095E-6	7.184400E+3	-1.054948E-6	7.186700E+3	-546.317467E-9	7.179300E+3	-177.697267E-9	7.182700E+3	23.997209E-9	7.186900E+3	136.594733E-9	7.182300E+3	-2.017873E-9	7.187000E+3	-2.434305E-6
7.227100E+3	16.738200E-6	7.230100E+3	2.703953E-6	7.229700E+3	-1.665088E-6	7.228200E+3	-2.735930E-6	7.232900E+3	-2.880533E-6	7.231200E+3	-2.706065E-6	7.228800E+3	-1.574812E-6	7.234900E+3	-1.546810E-6	7.228700E+3	-2.188125E-6	7.231200E+3	2.137897E-6	7.235900E+3	-861.601133E-9	7.236200E+3	-513.814267E-9	7.232200E+3	-323.077600E-9	7.233800E+3	89.469507E-9	7.237000E+3	161.771733E-9	7.237000E+3	15.832573E-9	7.231600E+3	-2.119363E-6
7.280300E+3	16.528850E-6	7.282900E+3	2.242143E-6	7.277500E+3	-1.835584E-6	7.275500E+3	-2.638265E-6	7.280600E+3	-2.675332E-6	7.278800E+3	-2.919277E-6	7.280000E+3	-1.533337E-6	7.285400E+3	-1.716498E-6	7.279800E+3	-2.103251E-6	7.286700E+3	1.886059E-6	7.285900E+3	-1.045820E-6	7.284100E+3	-536.321333E-9	7.286500E+3	-280.236733E-9	7.285800E+3	102.818720E-9	7.286100E+3	275.114267E-9	7.283800E+3	78.852413E-9	7.284500E+3	-1.518715E-6
7.333900E+3	16.591440E-6	7.333900E+3	2.527874E-6	7.331800E+3	-1.566927E-6	7.332200E+3	-2.676327E-6	7.331300E+3	-2.796528E-6	7.334100E+3	-2.796590E-6	7.331000E+3	-1.786222E-6	7.328800E+3	-1.689924E-6	7.326700E+3	-1.997144E-6	7.335200E+3	1.897176E-6	7.329300E+3	-733.761600E-9	7.334600E+3	-522.630800E-9	7.337200E+3	-232.211200E-9	7.337300E+3	-35.111074E-9	7.333600E+3	348.037067E-9	7.334900E+3	28.995347E-9	7.331600E+3	-996.799933E-9
7.378300E+3	16.481160E-6	7.383300E+3	2.743567E-6	7.380500E+3	-1.197252E-6	7.379500E+3	-3.086667E-6	7.379700E+3	-2.662107E-6	7.382500E+3	-2.533459E-6	7.384300E+3	-1.905560E-6	7.386700E+3	-1.691041E-6	7.385900E+3	-2.039549E-6	7.387100E+3	1.978951E-6	7.388500E+3	-564.881600E-9	7.386700E+3	-595.770667E-9	7.387700E+3	-158.542933E-9	7.387900E+3	24.431823E-9	7.389100E+3	390.163933E-9	7.386000E+3	99.310500E-9	7.382900E+3	-633.116600E-9
7.435200E+3	16.585840E-6	7.433900E+3	2.888853E-6	7.428000E+3	-1.173038E-6	7.434300E+3	-3.089397E-6	7.433500E+3	-2.854145E-6	7.430500E+3	-2.579530E-6	7.435100E+3	-1.704887E-6	7.432100E+3	-1.672042E-6	7.434800E+3	-1.919964E-6	7.438000E+3	2.061776E-6	7.438300E+3	-95.367888E-9	7.437300E+3	-510.646933E-9	7.438200E+3	-132.496800E-9	7.438100E+3	-127.809133E-9	7.437500E+3	345.615533E-9	7.438000E+3	126.163920E-9	7.434000E+3	-332.701267E-9
7.481500E+3	16.324720E-6	7.484700E+3	2.376253E-6	7.482800E+3	-1.596294E-6	7.482500E+3	-3.207179E-6	7.481900E+3	-3.091199E-6	7.480100E+3	-2.531225E-6	7.483100E+3	-1.552274E-6	7.486600E+3	-1.530791E-6	7.481300E+3	-2.014837E-6	7.487900E+3	1.919903E-6	7.485600E+3	-37.315167E-9	7.488100E+3	-540.015467E-9	7.483500E+3	-113.373600E-9	7.488300E+3	-89.935087E-9	7.484100E+3	402.395267E-9	7.488100E+3	186.141133E-9	7.485300E+3	-130.634193E-9
7.534900E+3	16.154470E-6	7.533200E+3	1.930582E-6	7.533000E+3	-1.772935E-6	7.529000E+3	-3.155211E-6	7.531400E+3	-2.795783E-6	7.534600E+3	-2.368677E-6	7.532400E+3	-1.572079E-6	7.529600E+3	-1.608713E-6	7.532000E+3	-1.892644E-6	7.536200E+3	1.911832E-6	7.536700E+3	172.233600E-9	7.537700E+3	-438.623933E-9	7.533800E+3	-224.139267E-9	7.535700E+3	-142.648400E-9	7.530000E+3	296.224467E-9	7.531300E+3	105.953980E-9	7.535700E+3	620.892667E-12
7.580100E+3	16.049790E-6	7.578400E+3	1.907858E-6	7.579400E+3	-1.734379E-6	7.579300E+3	-3.308570E-6	7.576900E+3	-2.617279E-6	7.575400E+3	-2.422819E-6	7.580900E+3	-1.611506E-6	7.578300E+3	-1.660866E-6	7.576800E+3	-1.904441E-6	7.577500E+3	1.981249E-6	7.579700E+3	263.379800E-9	7.586300E+3	-514.155667E-9	7.581700E+3	-199.862800E-9	7.581300E+3	-47.032073E-9	7.585300E+3	162.082000E-9	7.586000E+3	93.908813E-9	7.583900E+3	55.041447E-9
7.632200E+3	16.173100E-6	7.629000E+3	1.416611E-6	7.625000E+3	-1.632057E-6	7.628700E+3	-3.293791E-6	7.626300E+3	-3.388725E-6	7.631400E+3	-2.457465E-6	7.628000E+3	-1.798267E-6	7.627600E+3	-1.972183E-6	7.631300E+3	-2.039796E-6	7.632000E+3	1.907051E-6	7.630800E+3	325.840400E-9	7.634900E+3	-528.343000E-9	7.632900E+3	-262.820667E-9	7.633700E+3	-27.877724E-9	7.629800E+3	164.068867E-9	7.634200E+3	69.539167E-9	7.633700E+3	103.998360E-9
7.679100E+3	16.153350E-6	7.679200E+3	1.670303E-6	7.678100E+3	-1.381283E-6	7.674500E+3	-3.221336E-6	7.676400E+3	-3.609885E-6	7.679700E+3	-2.291069E-6	7.679000E+3	-1.842601E-6	7.676200E+3	-1.888111E-6	7.680400E+3	-2.015954E-6	7.677800E+3	1.927602E-6	7.682300E+3	458.026733E-9	7.683600E+3	-428.751600E-9	7.675100E+3	-172.264533E-9	7.682700E+3	-66.000127E-9	7.680000E+3	90.121513E-9	7.682800E+3	124.580680E-9	7.678200E+3	159.567467E-9
7.729000E+3	16.198440E-6	7.725700E+3	1.261143E-6	7.727100E+3	-1.889975E-6	7.726900E+3	-3.171168E-6	7.725800E+3	-3.789692E-6	7.724100E+3	-2.503905E-6	7.726700E+3	-1.966037E-6	7.721600E+3	-2.108777E-6	7.725300E+3	-1.998385E-6	7.730700E+3	1.945299E-6	7.729900E+3	491.369333E-9	7.731000E+3	-404.661400E-9	7.729700E+3	-140.071733E-9	7.731800E+3	10.461920E-9	7.729300E+3	123.214867E-9	7.725500E+3	117.378180E-9	7.733100E+3	158.946533E-9
7.775100E+3	15.915300E-6	7.777600E+3	1.320001E-6	7.775400E+3	-1.911519E-6	7.769500E+3	-3.423557E-6	7.772300E+3	-3.842293E-6	7.769400E+3	-2.707307E-6	7.773500E+3	-2.004842E-6	7.775300E+3	-2.129825E-6	7.773900E+3	-2.202901E-6	7.774100E+3	1.933999E-6	7.778400E+3	649.508067E-9	7.779400E+3	-472.214533E-9	7.775600E+3	-69.911687E-9	7.781300E+3	-2.079957E-9	7.779700E+3	101.328393E-9	7.780400E+3	110.828093E-9	7.781000E+3	105.550447E-9
7.825000E+3	16.363450E-6	7.824600E+3	1.381718E-6	7.820100E+3	-1.810994E-6	7.822700E+3	-3.329864E-6	7.820600E+3	-3.604418E-6	7.822500E+3	-2.785785E-6	7.824900E+3	-1.853465E-6	7.824000E+3	-2.337386E-6	7.823500E+3	-1.993975E-6	7.827000E+3	1.958772E-6	7.820700E+3	412.019200E-9	7.825200E+3	-559.604267E-9	7.824700E+3	-166.676600E-9	7.827100E+3	-121.941787E-9	7.825700E+3	123.680400E-9	7.829200E+3	128.274933E-9	7.826600E+3	111.666100E-9
7.874000E+3	16.405920E-6	7.866600E+3	1.476464E-6	7.870000E+3	-1.597474E-6	7.868200E+3	-3.431503E-6	7.865700E+3	-3.415237E-6	7.867800E+3	-2.794853E-6	7.868600E+3	-1.836143E-6	7.873400E+3	-2.409533E-6	7.874000E+3	-1.985223E-6	7.869500E+3	1.977894E-6	7.874600E+3	427.354733E-9	7.874600E+3	-633.520333E-9	7.873300E+3	-57.835467E-9	7.877700E+3	-52.433763E-9	7.876400E+3	147.460400E-9	7.874200E+3	163.727333E-9	7.875900E+3	132.931620E-9
